,L5_AVG_TOUCHES,L10_AVG_TOUCHES,DIFF_AVG_TOUCHES,L5_MED_TOUCHES,L10_MED_TOUCHES,DIFF_MED_TOUCHES,L5_AVG_FANTPTS,L10_AVG_FANTPTS,DIFF_AVG_FANTPTS,L5_MED_FANTPTS,L10_MED_FANTPTS,DIFF_MED_FANTPTS,SPECIAL_SAUCE_V1,SPECIAL_SAUCE_V2,SS_MESHED,EXCESS_L5_AVG_TOUCHES,EXCESS_SS1,EXCESS_SS2
CHRISTIAN MCCAFFREY,24.0,24.6,-0.6000000000000014,26.0,25.5,0.5,21.3,20.41,0.8900000000000006,20.8,19.950000000000003,0.8900000000000006,20.855,20.587500000000002,20.196000000000005,16.26082251082251,15.65889739229025,16.31761363636364
DALVIN COOK,30.0,27.3,2.6999999999999993,32.0,26.5,5.5,18.5,21.759999999999998,-3.259999999999998,17.9,18.95,-3.259999999999998,20.13,18.162499999999998,18.612000000000002,22.26082251082251,14.933897392290248,13.892613636363635
ANTONIO GIBSON,17.6,16.0,1.6000000000000014,17.0,16.5,0.5,18.96,14.540000000000001,4.42,18.5,13.799999999999999,4.42,16.75,17.325,15.3648,9.860822510822512,11.55389739229025,13.055113636363636
NICK CHUBB,17.2,16.9,0.3000000000000007,19.0,19.0,0.0,14.9,13.61,1.290000000000001,16.6,14.0,1.290000000000001,14.254999999999999,15.950000000000001,14.157,9.46082251082251,9.058897392290248,11.680113636363638
JAMES ROBINSON,24.0,21.8,2.1999999999999993,25.0,22.5,2.5,15.040000000000001,15.280000000000001,-0.2400000000000002,15.9,13.600000000000001,-0.2400000000000002,15.16,15.325000000000001,13.939200000000001,16.26082251082251,9.96389739229025,11.055113636363638
SAQUON BARKLEY,19.8,19.8,0.0,21.0,20.0,1.0,18.66,13.010000000000002,5.649999999999999,17.700000000000003,8.1,5.649999999999999,15.835,15.300000000000002,11.5038,12.060822510822511,10.63889739229025,11.03011363636364
CHRIS CARSON,13.0,14.8,-1.8000000000000007,14.0,15.0,-1.0,13.780000000000001,14.360000000000003,-0.5800000000000018,13.9,15.350000000000001,-0.5800000000000018,14.070000000000002,14.262500000000001,14.678400000000003,5.2608225108225115,8.873897392290251,9.992613636363638
WAYNE GALLMAN,18.0,12.4,5.6,16.0,14.0,2.0,14.5,9.22,5.279999999999999,13.700000000000001,11.8,5.279999999999999,11.86,13.225000000000001,12.573,10.26082251082251,6.663897392290249,8.955113636363638
DERRICK HENRY,23.0,22.7,0.3000000000000007,21.0,21.5,-0.5,15.660000000000002,19.04,-3.3799999999999972,10.9,17.75,-3.3799999999999972,17.35,12.6125,16.8828,15.26082251082251,12.15389739229025,8.342613636363637
RAHEEM MOSTERT,16.0,15.0,1.0,18.0,14.5,3.5,13.120000000000001,15.040000000000001,-1.92,11.9,14.3,-1.92,14.080000000000002,12.5,13.767600000000002,8.26082251082251,8.883897392290251,8.230113636363637
JOSH JACOBS,19.8,20.4,-0.5999999999999979,18.0,18.5,-0.5,13.220000000000002,11.38,1.8400000000000016,12.8,11.45,1.8400000000000016,12.3,12.462500000000002,11.9196,12.060822510822511,7.10389739229025,8.192613636363639
ALVIN KAMARA,14.2,17.4,-3.1999999999999993,14.0,18.0,-4.0,14.020000000000001,16.27,-2.2499999999999982,10.9,15.25,-2.2499999999999982,15.145,11.9875,14.691600000000001,6.460822510822511,9.948897392290249,7.717613636363637
AUSTIN EKELER,16.6,15.4,1.200000000000001,20.0,15.0,5.0,11.24,11.610000000000001,-0.370000000000001,12.9,8.8,-0.370000000000001,11.425,11.875,9.5172,8.860822510822512,6.22889739229025,7.605113636363637
MYLES GASKIN,20.0,18.1,1.8999999999999986,21.0,19.0,2.0,11.260000000000002,9.959999999999999,1.3000000000000025,12.100000000000001,9.9,1.3000000000000025,10.61,11.55,10.2498,12.26082251082251,5.413897392290249,7.280113636363637
KENYAN DRAKE,16.8,17.7,-0.8999999999999986,15.0,18.0,-3.0,11.62,11.959999999999999,-0.33999999999999986,11.8,10.65,-0.33999999999999986,11.79,11.512500000000001,10.863600000000002,9.060822510822511,6.593897392290248,7.242613636363638
LAMAR MILLER,12.6,15.4,-2.8000000000000007,19.0,18.5,0.5,7.140000000000001,10.919999999999998,-3.7799999999999976,11.2,11.35,-3.7799999999999976,9.03,11.237499999999999,9.8472,4.860822510822511,3.8338973922902486,6.967613636363636
TODD GURLEY,16.4,17.6,-1.2000000000000028,18.0,18.0,0.0,9.440000000000001,11.35,-1.9099999999999984,10.600000000000001,11.05,-1.9099999999999984,10.395,10.712500000000002,10.4082,8.66082251082251,5.198897392290249,6.442613636363639
D'ANDRE SWIFT,15.2,11.222222222222221,3.977777777777778,16.0,10.0,6.0,13.6,10.733333333333333,2.866666666666667,10.8,9.700000000000001,2.866666666666667,12.166666666666666,10.525000000000002,10.89,7.460822510822511,6.970564058956915,6.255113636363639
AARON JONES,17.6,18.1,-0.5,18.0,18.0,0.0,12.059999999999999,15.73,-3.6700000000000017,9.5,13.350000000000001,-3.6700000000000017,13.895,10.4625,12.7908,9.860822510822512,8.698897392290249,6.192613636363637
DAVID MONTGOMERY,19.2,18.4,0.8000000000000007,19.0,18.0,1.0,12.6,11.440000000000001,1.1599999999999984,10.5,10.100000000000001,1.1599999999999984,12.02,10.4,10.824000000000002,11.46082251082251,6.823897392290249,6.130113636363637
DAVID JOHNSON,13.8,13.2,0.6000000000000014,18.0,14.5,3.5,9.52,9.0,0.5199999999999996,10.4,10.350000000000001,0.5199999999999996,9.26,10.387500000000001,9.972600000000002,6.060822510822512,4.063897392290249,6.117613636363638
JAMES CONNER,16.6,17.0,-0.3999999999999986,16.0,18.0,-2.0,7.960000000000001,10.900000000000002,-2.9400000000000013,9.9,11.55,-2.9400000000000013,9.430000000000001,10.3125,10.2498,8.860822510822512,4.233897392290251,6.042613636363637
JOE MIXON,24.0,24.4,-0.3999999999999986,20.0,24.5,-4.5,14.7,15.570000000000002,-0.8700000000000028,9.4,11.15,-0.8700000000000028,15.135000000000002,9.8375,12.21,16.26082251082251,9.93889739229025,5.567613636363637
ALEX COLLINS,8.8,12.3,-3.5,10.0,12.5,-2.5,7.840000000000001,8.989999999999998,-1.1499999999999977,9.9,9.2,-1.1499999999999977,8.415,9.725000000000001,8.6592,1.0608225108225122,3.2188973922902484,5.455113636363638
MARLON MACK,12.8,16.0,-3.1999999999999993,13.0,16.5,-3.5,10.620000000000001,10.77,-0.14999999999999858,9.8,9.350000000000001,-0.14999999999999858,10.695,9.6875,9.675600000000001,5.060822510822512,5.4988973922902495,5.417613636363637
CLYDE EDWARDS-HELAIRE,10.6,15.6,-5.0,9.0,14.0,-5.0,9.68,10.280000000000001,-0.6000000000000014,9.4,9.25,-0.6000000000000014,9.98,9.3625,9.2994,2.860822510822511,4.78389739229025,5.092613636363637
DAMIEN HARRIS,15.8,13.4,2.4000000000000004,14.0,14.0,0.0,8.96,8.250000000000002,0.7099999999999991,9.5,8.3,0.7099999999999991,8.605,9.2,8.434800000000001,8.060822510822511,3.4088973922902497,4.930113636363636
JONATHAN TAYLOR,14.4,16.2,-1.799999999999999,13.0,15.0,-2.0,9.02,10.71,-1.6900000000000013,7.4,11.45,-1.6900000000000013,9.865,8.412500000000001,10.5336,6.660822510822512,4.6688973922902495,4.142613636363638
NYHEIM HINES,11.4,9.8,1.5999999999999996,9.0,9.0,0.0,9.86,8.25,1.6099999999999994,9.2,4.949999999999999,1.6099999999999994,9.055,8.1375,6.5207999999999995,3.660822510822512,3.858897392290249,3.867613636363636
KAREEM HUNT,15.8,16.7,-0.8999999999999986,16.0,16.5,-0.5,8.100000000000001,10.92,-2.8199999999999985,7.300000000000001,10.25,-2.8199999999999985,9.510000000000002,8.037500000000001,9.438,8.060822510822511,4.313897392290251,3.767613636363638
MIKE DAVIS,14.0,16.9,-2.8999999999999986,14.0,19.0,-5.0,7.5200000000000005,10.38,-2.8600000000000003,7.700000000000001,8.7,-2.8600000000000003,8.950000000000001,7.95,8.223600000000001,6.2608225108225115,3.7538973922902503,3.680113636363637
CHASE EDMONDS,12.6,10.3,2.299999999999999,10.0,8.5,1.5,7.2,8.2,-0.9999999999999991,7.700000000000001,8.25,-0.9999999999999991,7.699999999999999,7.8375,7.821000000000001,4.860822510822511,2.5038973922902485,3.567613636363637
JAMAAL WILLIAMS,12.6,12.1,0.5,11.0,9.5,1.5,8.040000000000001,7.95,0.09000000000000075,7.6000000000000005,6.950000000000001,0.09000000000000075,7.995000000000001,7.4375,7.2402000000000015,4.860822510822511,2.7988973922902503,3.1676136363636367
SALVON AHMED,15.333333333333334,15.333333333333334,0.0,17.0,17.0,0.0,8.733333333333334,8.733333333333334,0.0,7.4,7.4,0.0,8.733333333333334,7.4,7.766000000000001,7.594155844155845,3.5372307256235835,3.130113636363637
EZEKIEL ELLIOTT,17.4,19.5,-2.1000000000000014,20.0,20.0,0.0,7.720000000000001,10.36,-2.639999999999999,6.9,8.9,-2.639999999999999,9.04,7.4,8.421600000000002,9.66082251082251,3.8438973922902484,3.130113636363637
GUS EDWARDS,9.8,9.3,0.5,9.0,9.0,0.0,7.4,6.3100000000000005,1.0899999999999999,7.300000000000001,7.15,1.0899999999999999,6.855,7.262500000000001,7.1610000000000005,2.060822510822512,1.6588973922902497,2.9926136363636378
ZACK MOSS,10.8,9.875,0.9250000000000007,11.0,10.5,0.5,9.320000000000002,7.5,1.820000000000002,7.2,7.0,1.820000000000002,8.41,7.15,7.695600000000001,3.060822510822512,3.2138973922902494,2.880113636363637
CAM AKERS,11.4,8.4,3.0,10.0,9.0,1.0,9.379999999999999,5.86,3.5199999999999987,7.9,4.8500000000000005,3.5199999999999987,7.619999999999999,7.137500000000001,6.2964,3.660822510822512,2.4238973922902485,2.8676136363636378
MILES SANDERS,12.8,14.9,-2.0999999999999996,10.0,14.0,-4.0,6.42,9.45,-3.0299999999999994,6.100000000000001,8.55,-3.0299999999999994,7.935,6.712500000000001,7.761600000000001,5.060822510822512,2.738897392290249,2.442613636363638
J.D. MCKISSIC,9.2,9.2,0.0,9.0,8.5,0.5,6.760000000000001,6.0200000000000005,0.7400000000000002,6.9,5.25,0.7400000000000002,6.390000000000001,6.487500000000001,5.6958,1.4608225108225108,1.1938973922902498,2.2176136363636374
KALEN BALLAGE,15.0,11.0,4.0,17.0,9.0,8.0,7.340000000000001,5.390000000000001,1.9500000000000002,7.1000000000000005,4.550000000000001,1.9500000000000002,6.365,6.4625,5.425200000000001,7.2608225108225115,1.1688973922902495,2.192613636363637
DARRELL HENDERSON,8.4,12.1,-3.6999999999999993,9.0,10.0,-1.0,6.26,8.860000000000003,-2.600000000000003,5.800000000000001,8.4,-2.600000000000003,7.560000000000001,6.450000000000001,7.6098,0.6608225108225119,2.3638973922902506,2.1801136363636378
SONY MICHEL,7.8,11.5,-3.7,10.0,10.5,-0.5,6.28,7.0600000000000005,-0.7800000000000002,5.800000000000001,7.75,-0.7800000000000002,6.67,6.2875000000000005,7.1874,0.06082251082251133,1.4738973922902492,2.017613636363637
JORDAN HOWARD,5.0,9.0,-4.0,4.0,6.5,-2.5,4.4399999999999995,6.590000000000001,-2.1500000000000012,6.1,6.25,-2.1500000000000012,5.515000000000001,6.137499999999999,5.590199999999999,-2.7391774891774885,0.3188973922902498,1.867613636363636
DEVONTA FREEMAN,12.2,15.9,-3.700000000000001,15.0,19.0,-4.0,5.8,8.83,-3.0300000000000002,5.7,6.6000000000000005,-3.0300000000000002,7.3149999999999995,5.925000000000001,6.2700000000000005,4.460822510822511,2.1188973922902488,1.6551136363636374
FRANK GORE,12.6,12.8,-0.20000000000000107,14.0,14.0,0.0,6.16,5.66,0.5,5.9,5.95,0.5,5.91,5.9125000000000005,5.9598,4.860822510822511,0.7138973922902494,1.6426136363636372
LATAVIUS MURRAY,12.4,12.3,0.09999999999999964,12.0,12.0,0.0,8.940000000000001,8.59,0.3500000000000014,5.7,5.700000000000001,0.3500000000000014,8.765,5.700000000000001,6.712200000000001,4.660822510822512,3.56889739229025,1.4301136363636378
DEANDRE WASHINGTON,14.2,11.5,2.6999999999999993,15.0,7.5,7.5,7.340000000000001,6.260000000000001,1.08,6.0,3.5500000000000003,1.08,6.800000000000001,5.3875,4.765200000000001,6.460822510822511,1.60389739229025,1.1176136363636369
MELVIN GORDON,12.2,15.2,-3.0,12.0,14.5,-2.5,8.6,9.97,-1.370000000000001,4.6000000000000005,7.35,-1.370000000000001,9.285,5.2875,7.689,4.460822510822511,4.088897392290249,1.0176136363636363
JERICK MCKINNON,9.8,10.1,-0.29999999999999893,7.0,7.5,-0.5,6.08,7.68,-1.5999999999999996,4.6000000000000005,7.25,-1.5999999999999996,6.88,5.2625,6.7914,2.060822510822512,1.6838973922902492,0.9926136363636369
TONY POLLARD,7.8,6.7,1.0999999999999996,9.0,7.0,2.0,5.720000000000001,4.54,1.1800000000000006,5.8,3.6,1.1800000000000006,5.130000000000001,5.25,4.2636,0.06082251082251133,-0.06610260770974996,0.9801136363636367
DEVIN SINGLETARY,9.8,12.4,-2.5999999999999996,10.0,12.0,-2.0,5.3,6.7700000000000005,-1.4700000000000006,4.7,6.15,-1.4700000000000006,6.035,5.0625,5.808,2.060822510822512,0.8388973922902494,0.7926136363636367
DUKE JOHNSON,13.4,9.5,3.9000000000000004,13.0,8.0,5.0,7.480000000000001,5.05,2.4300000000000015,5.4,3.85,2.4300000000000015,6.265000000000001,5.012500000000001,5.009400000000001,5.660822510822512,1.0688973922902498,0.7426136363636378
GIOVANI BERNARD,13.4,10.2,3.200000000000001,13.0,11.5,1.5,7.56,7.000000000000002,0.5599999999999978,4.9,5.2,0.5599999999999978,7.280000000000001,4.9750000000000005,5.9268,5.660822510822512,2.0838973922902504,0.7051136363636372
BO SCARBROUGH,12.8,13.714285714285714,-0.9142857142857128,9.0,14.0,-5.0,5.200000000000001,6.471428571428572,-1.2714285714285714,4.2,7.0,-1.2714285714285714,5.835714285714287,4.9,6.336,5.060822510822512,0.6396116780045364,0.630113636363637
ADRIAN PETERSON,10.8,12.2,-1.3999999999999986,11.0,11.5,-0.5,8.86,7.840000000000001,1.0199999999999987,4.300000000000001,6.4,1.0199999999999987,8.35,4.825000000000001,7.1478,3.060822510822512,3.153897392290249,0.5551136363636378
DEVONTAE BOOKER,10.8,7.6,3.200000000000001,8.0,6.0,2.0,8.12,5.64,2.4799999999999995,5.1,3.8500000000000005,2.4799999999999995,6.879999999999999,4.7875,5.2206,3.060822510822512,1.6838973922902483,0.5176136363636363
REX BURKHEAD,9.0,9.2,-0.1999999999999993,7.0,8.5,-1.5,8.06,8.260000000000002,-0.20000000000000107,4.7,4.800000000000001,-0.20000000000000107,8.16,4.7250000000000005,5.827800000000001,1.2608225108225115,2.9638973922902494,0.4551136363636372
RONALD JONES II,12.2,16.1,-3.900000000000002,10.0,14.5,-4.5,9.38,11.320000000000002,-1.9400000000000013,2.6000000000000005,11.05,-1.9400000000000013,10.350000000000001,4.7125,10.3884,4.460822510822511,5.153897392290251,0.44261363636363704
JUSTIN JACKSON,11.6,7.4,4.199999999999999,10.0,5.0,5.0,6.24,3.8299999999999996,2.4100000000000006,5.5,1.9,2.4100000000000006,5.035,4.6,3.3132,3.860822510822511,-0.1611026077097506,0.33011363636363633
BOSTON SCOTT,7.6,6.3,1.2999999999999998,7.0,4.0,3.0,6.38,4.89,1.4900000000000002,5.0,2.8000000000000003,1.4900000000000002,5.635,4.45,3.9534000000000002,-0.13917748917748884,0.43889739229024904,0.18011363636363686
TARIK COHEN,7.6,9.6,-2.0,6.0,9.0,-3.0,4.24,5.510000000000001,-1.2700000000000005,4.1,4.4,-1.2700000000000005,4.875,4.175,4.3032,-0.13917748917748884,-0.32110260770975074,-0.09488636363636349
LE'VEON BELL,8.4,12.0,-3.5999999999999996,8.0,8.5,-0.5,4.4799999999999995,5.460000000000001,-0.9800000000000013,3.8000000000000003,5.050000000000001,-0.9800000000000013,4.970000000000001,4.112500000000001,4.811400000000001,0.6608225108225119,-0.2261026077097501,-0.1573863636363626
LEONARD FOURNETTE,9.8,9.7,0.10000000000000142,8.0,8.5,-0.5,4.96,6.220000000000001,-1.2600000000000007,4.1000000000000005,3.5500000000000003,-1.2600000000000007,5.59,3.9625000000000004,3.9798000000000004,2.060822510822512,0.3938973922902491,-0.30738636363636296
J.K. DOBBINS,12.8,8.9,3.9000000000000004,14.0,6.5,7.5,6.88,6.630000000000001,0.2499999999999991,3.5,4.95,0.2499999999999991,6.755000000000001,3.8625,5.5374,5.060822510822512,1.55889739229025,-0.4073863636363635
LA'MICAL PERINE,9.6,7.222222222222222,2.3777777777777773,9.0,8.0,1.0,6.32,4.122222222222223,2.1977777777777776,3.8000000000000003,3.3000000000000003,2.1977777777777776,5.221111111111112,3.6750000000000003,4.2636,1.8608225108225112,0.025008503401361182,-0.594886363636363
CARLOS HYDE,12.2,12.3,-0.10000000000000142,16.0,11.5,4.5,7.080000000000001,7.480000000000001,-0.40000000000000036,2.9000000000000004,6.0,-0.40000000000000036,7.280000000000001,3.6750000000000003,6.2964,4.460822510822511,2.0838973922902504,-0.594886363636363
JORDAN WILKINS,8.4,8.5,-0.09999999999999964,8.0,8.5,-0.5,3.5400000000000005,4.26,-0.7199999999999993,3.6,3.35,-0.7199999999999993,3.9000000000000004,3.5375,3.3792000000000004,0.6608225108225119,-1.2961026077097504,-0.7323863636363632
KERRYON JOHNSON,7.2,5.1,2.1000000000000005,7.0,4.5,2.5,3.9,3.3200000000000003,0.5799999999999996,3.8000000000000003,2.5,0.5799999999999996,3.6100000000000003,3.475,2.9370000000000003,-0.5391774891774883,-1.5861026077097504,-0.7948863636363632
MARK INGRAM,6.8,8.6,-1.7999999999999998,7.0,9.5,-2.5,4.1,7.580000000000001,-3.4800000000000013,2.9000000000000004,4.35,-3.4800000000000013,5.84,3.2625,4.224,-0.9391774891774887,0.6438973922902491,-1.0073863636363631
J.J. TAYLOR,5.666666666666667,5.666666666666667,0.0,5.0,5.0,0.0,2.466666666666667,2.466666666666667,0.0,3.2,3.2,0.0,2.466666666666667,3.2,2.926,-2.0725108225108215,-2.729435941043084,-1.0698863636363631
JAMYCAL HASTY,8.6,5.75,2.8499999999999996,9.0,5.5,3.5,4.46,3.0125,1.4474999999999998,3.7,1.55,1.4474999999999998,3.73625,3.1625000000000005,2.4948,0.8608225108225112,-1.4598526077097507,-1.1073863636363628
ALFRED MORRIS,7.8,7.6,0.20000000000000018,8.0,8.0,0.0,6.12,5.239999999999999,0.8800000000000008,3.4000000000000004,2.35,0.8800000000000008,5.68,3.1375,3.5706,0.06082251082251133,0.483897392290249,-1.1323863636363631
JAMES WHITE,5.6,6.3,-0.7000000000000002,6.0,6.0,0.0,5.0600000000000005,4.750000000000001,0.3099999999999996,2.4000000000000004,4.35,0.3099999999999996,4.905000000000001,2.8875,4.5408,-2.139177489177489,-0.2911026077097496,-1.3823863636363631
DEEJAY DALLAS,3.6,4.7,-1.1,3.0,2.5,0.5,3.46,3.9200000000000004,-0.4600000000000004,3.1000000000000005,2.05,-0.4600000000000004,3.6900000000000004,2.8375000000000004,2.4948,-4.139177489177488,-1.5061026077097504,-1.432386363636363
PHILLIP LINDSAY,10.2,11.6,-1.4000000000000004,9.0,9.0,0.0,3.06,5.670000000000001,-2.6100000000000008,2.3000000000000003,4.4,-2.6100000000000008,4.365,2.825,3.9138,2.460822510822511,-0.8311026077097505,-1.4448863636363631
MALCOLM BROWN,6.6,7.8,-1.2000000000000002,5.0,7.5,-2.5,5.64,5.21,0.4299999999999997,2.8,2.75,0.4299999999999997,5.425,2.7874999999999996,3.6762,-1.1391774891774888,0.22889739229024908,-1.4823863636363637
T.J. YELDON,5.4,4.5,0.9000000000000004,6.0,4.0,2.0,4.4399999999999995,3.3,1.1399999999999997,2.8,2.3,1.1399999999999997,3.8699999999999997,2.675,2.9832,-2.339177489177488,-1.326102607709751,-1.5948863636363635
TEVIN COLEMAN,7.0,7.6,-0.5999999999999996,5.0,5.5,-0.5,2.7,3.6700000000000004,-0.9700000000000002,2.4000000000000004,2.8500000000000005,-0.9700000000000002,3.1850000000000005,2.5125,2.7720000000000007,-0.7391774891774885,-2.0111026077097502,-1.7573863636363631
JEFF WILSON,10.8,5.9,4.9,12.0,3.0,9.0,11.1,5.92,5.18,2.7,1.9500000000000002,5.18,8.51,2.5125,4.95,3.060822510822512,3.313897392290249,-1.7573863636363631
BRIAN HILL,8.6,8.4,0.1999999999999993,8.0,8.0,0.0,3.5800000000000005,4.4,-0.8199999999999998,2.4000000000000004,2.7,-0.8199999999999998,3.99,2.4750000000000005,2.9634000000000005,0.8608225108225112,-1.2061026077097505,-1.7948863636363628
PEYTON BARBER,6.4,4.4,2.0,8.0,3.0,5.0,2.66,1.55,1.11,2.8000000000000003,0.8,1.11,2.105,2.3000000000000003,1.4058000000000002,-1.3391774891774881,-3.0911026077097508,-1.969886363636363
JOSHUA KELLEY,7.2,9.5,-2.3,7.0,9.0,-2.0,3.6,3.41,0.18999999999999995,2.1,2.85,0.18999999999999995,3.505,2.2875,3.0690000000000004,-0.5391774891774883,-1.6911026077097508,-1.9823863636363632
ITO SMITH,5.8,4.5,1.2999999999999998,3.0,3.5,-0.5,3.9799999999999995,2.5799999999999996,1.4,2.5,1.3,1.4,3.2799999999999994,2.2,2.1714,-1.9391774891774887,-1.9161026077097514,-2.069886363636363
MATT BREIDA,6.8,6.0,0.7999999999999998,8.0,5.5,2.5,2.6200000000000006,2.6000000000000005,0.020000000000000018,2.2,2.2,0.020000000000000018,2.6100000000000003,2.2,2.3166,-0.9391774891774887,-2.5861026077097504,-2.069886363636363
JEREMY MCNICHOLS,4.0,4.3,-0.2999999999999998,4.0,4.0,0.0,2.8600000000000003,2.92,-0.05999999999999961,2.0,2.5500000000000003,-0.05999999999999961,2.89,2.1375,2.6268000000000002,-3.7391774891774885,-2.3061026077097506,-2.132386363636363
THEO RIDDICK,5.4,6.9,-1.5,4.0,6.5,-2.5,2.14,3.7299999999999995,-1.5899999999999994,1.3,4.300000000000001,-1.5899999999999994,2.9349999999999996,2.0500000000000003,3.5442000000000005,-2.339177489177488,-2.261102607709751,-2.219886363636363
DARREL WILLIAMS,3.0,2.9,0.10000000000000009,3.0,2.5,0.5,1.8800000000000003,2.23,-0.34999999999999964,2.2,1.3,-0.34999999999999964,2.055,1.975,1.4784000000000002,-4.7391774891774885,-3.1411026077097506,-2.2948863636363632
JALEN RICHARD,3.2,3.1,0.10000000000000009,2.0,2.5,-0.5,1.6200000000000003,2.5,-0.8799999999999997,1.8000000000000003,2.0,-0.8799999999999997,2.06,1.85,1.8546000000000002,-4.539177489177488,-3.1361026077097507,-2.4198863636363632
KYLE JUSZCZYK,2.6,2.0,0.6000000000000001,2.0,1.5,0.5,3.16,2.63,0.5300000000000002,2.1,1.05,0.5300000000000002,2.895,1.8375000000000001,1.7358000000000002,-5.139177489177488,-2.3011026077097507,-2.432386363636363
RODNEY SMITH,6.333333333333333,6.333333333333333,0.0,7.0,7.0,0.0,2.066666666666667,2.066666666666667,0.0,1.8,1.8,0.0,2.066666666666667,1.8,1.87,-1.4058441558441555,-3.129435941043084,-2.4698863636363635
CHRIS THOMPSON,2.6,4.3,-1.6999999999999997,3.0,4.5,-1.5,1.9,2.89,-0.9900000000000002,1.5,2.65,-0.9900000000000002,2.395,1.7875,2.3760000000000003,-5.139177489177488,-2.8011026077097507,-2.4823863636363632
COREY CLEMENT,2.2,1.6,0.6000000000000001,1.0,1.0,0.0,2.4,1.31,1.0899999999999999,2.1,0.45000000000000007,1.0899999999999999,1.855,1.6875000000000002,1.089,-5.539177489177488,-3.3411026077097508,-2.5823863636363633
SAMAJE PERINE,5.8,3.2,2.5999999999999996,6.0,1.5,4.5,3.5800000000000005,1.85,1.7300000000000004,2.1,0.4,1.7300000000000004,2.7150000000000003,1.6750000000000003,1.4454000000000002,-1.9391774891774887,-2.4811026077097504,-2.594886363636363
D'ONTA FOREMAN,3.6,6.3,-2.6999999999999997,4.0,6.0,-2.0,2.46,5.0200000000000005,-2.5600000000000005,1.1,3.25,-2.5600000000000005,3.74,1.6375000000000002,2.9568000000000003,-4.139177489177488,-1.4561026077097505,-2.632386363636363
DION LEWIS,3.0,2.6,0.3999999999999999,3.0,2.5,0.5,2.58,1.7100000000000002,0.8699999999999999,1.7000000000000002,1.35,0.8699999999999999,2.145,1.6125000000000003,1.7424000000000002,-4.7391774891774885,-3.0511026077097507,-2.657386363636363
TY JOHNSON,7.0,4.1,2.9000000000000004,4.0,3.0,1.0,4.380000000000001,3.2600000000000002,1.1200000000000006,1.7000000000000002,1.05,1.1200000000000006,3.8200000000000003,1.5375,2.1384000000000003,-0.7391774891774885,-1.3761026077097505,-2.7323863636363632
TRAVIS HOMER,3.8,4.9,-1.1000000000000005,3.0,3.0,0.0,2.54,3.3,-0.7599999999999998,1.4000000000000001,1.9000000000000001,-0.7599999999999998,2.92,1.5250000000000001,2.0922,-3.9391774891774887,-2.276102607709751,-2.744886363636363
REGGIE BONNAFON,4.0,2.3,1.7000000000000002,2.0,1.5,0.5,4.0200000000000005,2.15,1.8700000000000006,1.6,0.7000000000000001,1.8700000000000006,3.085,1.3750000000000002,1.7886000000000002,-3.7391774891774885,-2.111102607709751,-2.8948863636363633
BENNY SNELL JR.,6.4,5.9,0.5,3.0,5.5,-2.5,3.62,3.35,0.27,1.2000000000000002,1.5500000000000003,0.27,3.4850000000000003,1.2875,2.2176,-1.3391774891774881,-1.7111026077097504,-2.9823863636363632
PATRICK LAIRD,2.2,1.2,1.0000000000000002,2.0,1.0,1.0,1.08,0.5600000000000002,0.5199999999999999,1.6,0.1,0.5199999999999999,0.8200000000000001,1.225,0.42240000000000005,-5.539177489177488,-4.3761026077097505,-3.0448863636363632
AJ DILLON,3.4,3.4285714285714284,-0.02857142857142847,5.0,5.0,0.0,1.64,1.6142857142857143,0.02571428571428558,1.1,1.4000000000000001,0.02571428571428558,1.6271428571428572,1.175,1.4652000000000003,-4.339177489177489,-3.5689597505668935,-3.0948863636363635
DARRYNTON EVANS,2.5,2.5,0.0,2.5,2.5,0.0,1.05,1.05,0.0,1.05,1.05,0.0,1.05,1.05,1.0395,-5.2391774891774885,-4.146102607709751,-3.2198863636363635
ALEXANDER MATTISON,4.0,7.3,-3.3,2.0,5.5,-3.5,1.8599999999999999,3.7900000000000005,-1.9300000000000006,0.6000000000000001,2.1500000000000004,-1.9300000000000006,2.825,0.9875000000000002,2.0328000000000004,-3.7391774891774885,-2.3711026077097506,-3.282386363636363
MALCOLM PERRY,1.8,1.8,0.0,2.0,2.0,0.0,1.26,1.26,0.0,0.8,0.8,0.0,1.26,0.8,0.9438,-5.939177489177489,-3.936102607709751,-3.4698863636363635
RYAN NALL,1.6,0.8,0.8,1.0,0.0,1.0,2.5,1.25,1.25,1.0,0.0,1.25,1.875,0.75,0.8250000000000001,-6.139177489177488,-3.3211026077097507,-3.5198863636363633
LESEAN MCCOY,1.8,4.2,-2.4000000000000004,2.0,3.5,-1.5,0.7400000000000001,2.0900000000000003,-1.35,0.6000000000000001,1.1500000000000001,-1.35,1.4150000000000003,0.7375,1.0032,-5.939177489177489,-3.7811026077097507,-3.5323863636363635
TYLER ERVIN,3.2,2.7,0.5,1.0,1.5,-0.5,1.8000000000000003,1.7200000000000002,0.08000000000000007,0.7000000000000001,0.75,0.08000000000000007,1.7600000000000002,0.7125,1.089,-4.539177489177488,-3.4361026077097505,-3.5573863636363634
C.J. HAM,0.6,0.6,0.0,1.0,1.0,0.0,1.8,1.05,0.75,0.8,0.2,0.75,1.425,0.6500000000000001,0.7260000000000001,-7.139177489177489,-3.771102607709751,-3.619886363636363
ANTHONY MCFARLAND JR.,2.8,3.5,-0.7000000000000002,3.0,3.5,-0.5,1.1600000000000001,1.5125000000000002,-0.35250000000000004,0.6000000000000001,0.7000000000000001,-0.35250000000000004,1.3362500000000002,0.6250000000000001,0.8448000000000002,-4.939177489177489,-3.8598526077097506,-3.6448863636363633
JOSH ADAMS,3.6,6.2,-2.6,4.0,4.0,0.0,3.2599999999999993,3.41,-0.1500000000000008,0.6000000000000001,0.6000000000000001,-0.1500000000000008,3.335,0.6000000000000001,1.4718,-4.139177489177488,-1.8611026077097508,-3.6698863636363632
TROYMAINE POPE,4.6,2.3,2.3,2.0,0.0,2.0,2.36,1.18,1.18,0.6000000000000001,0.0,1.18,1.77,0.45000000000000007,0.7788,-3.139177489177489,-3.4261026077097507,-3.819886363636363
QADREE OLLISON,1.2,2.4,-1.2,1.0,1.0,0.0,1.5,2.9999999999999996,-1.4999999999999996,0.30000000000000004,0.75,-1.4999999999999996,2.25,0.41250000000000003,0.99,-6.539177489177488,-2.9461026077097507,-3.8573863636363632
ROYCE FREEMAN,2.4,3.4,-1.0,0.0,4.0,-4.0,1.52,1.7,-0.17999999999999994,0.0,1.4500000000000002,-0.17999999999999994,1.6099999999999999,0.36250000000000004,1.4586000000000001,-5.339177489177489,-3.586102607709751,-3.9073863636363635
ALEC INGOLD,0.6,1.1,-0.5000000000000001,1.0,1.0,0.0,0.38,1.0699999999999998,-0.6899999999999998,0.2,0.8500000000000001,-0.6899999999999998,0.7249999999999999,0.36250000000000004,0.6864000000000001,-7.139177489177489,-4.471102607709751,-3.9073863636363635
LYNN BOWDEN JR.,1.8,1.6666666666666667,0.1333333333333333,1.0,1.0,0.0,1.2200000000000002,1.0000000000000002,0.21999999999999997,0.4,0.2,0.21999999999999997,1.1100000000000003,0.35000000000000003,0.5346000000000001,-5.939177489177489,-4.08610260770975,-3.9198863636363632
TONY BROOKS-JAMES,2.75,2.75,0.0,2.0,2.0,0.0,0.275,0.275,0.0,0.2,0.2,0.0,0.275,0.2,0.22275,-4.9891774891774885,-4.92110260770975,-4.069886363636363
TY MONTGOMERY,0.6,2.9,-2.3,0.0,2.0,-2.0,0.42000000000000004,1.31,-0.89,0.0,0.8,-0.89,0.865,0.2,0.6666000000000001,-7.139177489177489,-4.3311026077097505,-4.069886363636363
ELIJHAA PENNY,1.0,0.6,0.4,1.0,0.5,0.5,0.42000000000000004,0.24000000000000005,0.18,0.2,0.0,0.18,0.33000000000000007,0.15000000000000002,0.13860000000000003,-6.7391774891774885,-4.866102607709751,-4.119886363636363
JAKOB JOHNSON,1.0,0.7,0.30000000000000004,1.0,0.5,0.5,0.54,0.34,0.2,0.1,0.05,0.2,0.44000000000000006,0.08750000000000001,0.21120000000000003,-6.7391774891774885,-4.75610260770975,-4.182386363636363
D'ERNEST JOHNSON,0.8,3.1,-2.3,0.0,1.0,-1.0,0.32,1.51,-1.19,0.0,0.2,-1.19,0.915,0.05,0.23760000000000003,-6.939177489177489,-4.281102607709751,-4.2198863636363635
JASON HUNTLEY,0.75,0.75,0.0,0.5,0.5,0.0,0.35000000000000003,0.35000000000000003,0.0,0.05,0.05,0.0,0.35000000000000003,0.05,0.14850000000000002,-6.9891774891774885,-4.846102607709751,-4.2198863636363635
JUSTICE HILL,2.4,3.3,-0.8999999999999999,0.0,0.5,-0.5,0.86,2.7800000000000002,-1.9200000000000004,0.0,0.15000000000000002,-1.9200000000000004,1.82,0.037500000000000006,0.38280000000000003,-5.339177489177489,-3.3761026077097505,-4.232386363636364
KEITH SMITH,0.4,0.6,-0.19999999999999996,0.0,1.0,-1.0,0.1,0.16,-0.06,0.0,0.1,-0.06,0.13,0.025,0.099,-7.339177489177488,-5.066102607709751,-4.244886363636363
DEXTER WILLIAMS,0.8,1.1666666666666667,-0.3666666666666667,0.0,1.0,-1.0,0.34,0.3166666666666667,0.023333333333333317,0.0,0.1,0.023333333333333317,0.32833333333333337,0.025,0.17820000000000003,-6.939177489177489,-4.867769274376418,-4.244886363636363
JAYLEN SAMUELS,0.2,0.6,-0.39999999999999997,0.0,0.5,-0.5,0.1,0.29000000000000004,-0.19000000000000003,0.0,0.05,-0.19000000000000003,0.195,0.0125,0.066,-7.539177489177488,-5.0011026077097505,-4.257386363636363
DONTRELL HILLIARD,2.0,1.1,0.8999999999999999,0.0,0.0,0.0,1.0,0.54,0.45999999999999996,0.0,0.0,0.45999999999999996,0.77,0.0,0.33,-5.7391774891774885,-4.426102607709751,-4.269886363636363
DEVINE OZIGBO,3.0,1.5,1.5,0.0,0.0,0.0,1.1,0.55,0.55,0.0,0.0,0.55,0.8250000000000001,0.0,0.36300000000000004,-4.7391774891774885,-4.371102607709751,-4.269886363636363
CULLEN GILLASPIA,0.0,0.1,-0.1,0.0,0.0,0.0,0.0,0.06000000000000001,-0.06000000000000001,0.0,0.0,-0.06000000000000001,0.030000000000000006,0.0,0.0,-7.7391774891774885,-5.1661026077097505,-4.269886363636363
ANTHONY SHERMAN,0.0,0.3,-0.3,0.0,0.0,0.0,0.0,0.67,-0.67,0.0,0.0,-0.67,0.335,0.0,0.0,-7.7391774891774885,-4.861102607709751,-4.269886363636363
DARE OGUNBOWALE,0.6,0.3,0.3,0.0,0.0,0.0,0.24000000000000005,0.12000000000000002,0.12000000000000002,0.0,0.0,0.12000000000000002,0.18000000000000005,0.0,0.07920000000000002,-7.139177489177489,-5.016102607709751,-4.269886363636363
ARTAVIS PIERCE,1.0,1.0,0.0,0.0,0.0,0.0,0.3,0.3,0.0,0.0,0.0,0.0,0.3,0.0,0.099,-6.7391774891774885,-4.896102607709751,-4.269886363636363
SENORISE PERRY,0.4,0.6,-0.19999999999999996,0.0,0.0,0.0,0.18,0.13,0.04999999999999999,0.0,0.0,0.04999999999999999,0.155,0.0,0.0594,-7.339177489177488,-5.0411026077097505,-4.269886363636363
RICO DOWDLE,0.0,0.3,-0.3,0.0,0.0,0.0,0.0,0.13,-0.13,0.0,0.0,-0.13,0.065,0.0,0.0,-7.7391774891774885,-5.13110260770975,-4.269886363636363
JONATHAN WILLIAMS,1.0,1.4,-0.3999999999999999,0.0,0.0,0.0,0.12000000000000002,0.31,-0.18999999999999997,0.0,0.0,-0.18999999999999997,0.21500000000000002,0.0,0.03960000000000001,-6.7391774891774885,-4.981102607709751,-4.269886363636363
C.J. PROSISE,2.4,1.7,0.7,1.0,0.5,0.5,1.28,0.79,0.49,0.0,0.0,0.49,1.0350000000000001,0.0,0.42240000000000005,-5.339177489177489,-4.161102607709751,-4.269886363636363
BRUCE MILLER,0.0,0.6,-0.6,0.0,0.0,0.0,0.0,0.77,-0.77,0.0,0.0,-0.77,0.385,0.0,0.0,-7.7391774891774885,-4.811102607709751,-4.269886363636363
D.J. FOSTER,0.4,0.2,0.2,0.0,0.0,0.0,0.18000000000000002,0.09000000000000001,0.09000000000000001,0.0,0.0,0.09000000000000001,0.135,0.0,0.05940000000000001,-7.339177489177488,-5.061102607709751,-4.269886363636363
NICK BELLORE,0.0,0.2,-0.2,0.0,0.0,0.0,0.0,0.13999999999999999,-0.13999999999999999,0.0,0.0,-0.13999999999999999,0.06999999999999999,0.0,0.0,-7.7391774891774885,-5.1261026077097505,-4.269886363636363
CHANDLER COX,0.4,0.2,0.2,0.0,0.0,0.0,0.18000000000000002,0.09000000000000001,0.09000000000000001,0.0,0.0,0.09000000000000001,0.135,0.0,0.05940000000000001,-7.339177489177488,-5.061102607709751,-4.269886363636363
KHARI BLASINGAME,0.4,0.3,0.10000000000000003,0.0,0.0,0.0,0.5800000000000001,0.34,0.24000000000000005,0.0,0.0,0.24000000000000005,0.4600000000000001,0.0,0.19140000000000004,-7.339177489177488,-4.736102607709751,-4.269886363636363
DWAYNE WASHINGTON,1.6,1.0,0.6000000000000001,0.0,0.0,0.0,0.3,0.17,0.12999999999999998,0.0,0.0,0.12999999999999998,0.235,0.0,0.099,-6.139177489177488,-4.96110260770975,-4.269886363636363
AMEER ABDULLAH,0.8,0.7,0.10000000000000009,0.0,0.0,0.0,2.2199999999999998,1.19,1.0299999999999998,0.0,0.0,1.0299999999999998,1.7049999999999998,0.0,0.7325999999999999,-6.939177489177489,-3.4911026077097507,-4.269886363636363
GABE NABERS,0.4,0.5,-0.09999999999999998,0.0,0.0,0.0,1.4600000000000002,1.4400000000000002,0.020000000000000018,0.0,0.0,0.020000000000000018,1.4500000000000002,0.0,0.48180000000000006,-7.339177489177488,-3.7461026077097506,-4.269886363636363
PATRICK RICARD,0.4,0.6,-0.19999999999999996,0.0,0.5,-0.5,0.13999999999999999,0.63,-0.49,0.0,0.0,-0.49,0.385,0.0,0.0462,-7.339177489177488,-4.811102607709751,-4.269886363636363
ANDY JANOVICH,0.0,0.4,-0.4,0.0,0.0,0.0,0.0,0.17,-0.17,0.0,0.0,-0.17,0.085,0.0,0.0,-7.7391774891774885,-5.111102607709751,-4.269886363636363
TRENTON CANNON,0.8,1.2,-0.3999999999999999,0.0,0.0,0.0,0.36000000000000004,0.51,-0.14999999999999997,0.0,0.0,-0.14999999999999997,0.43500000000000005,0.0,0.11880000000000002,-6.939177489177489,-4.76110260770975,-4.269886363636363
KE'SHAWN VAUGHN,2.4,2.0,0.3999999999999999,2.0,1.0,1.0,2.2600000000000002,1.8833333333333335,0.3766666666666667,0.0,0.0,0.3766666666666667,2.0716666666666668,0.0,0.7458000000000001,-5.339177489177489,-3.124435941043084,-4.269886363636363
MIKE BOONE,0.0,0.4,-0.4,0.0,0.0,0.0,0.0,0.24000000000000005,-0.24000000000000005,0.0,0.0,-0.24000000000000005,0.12000000000000002,0.0,0.0,-7.7391774891774885,-5.076102607709751,-4.269886363636363
ALEX ARMAH,0.4,0.5,-0.09999999999999998,0.0,0.0,0.0,-0.1,0.0,-0.1,0.0,0.0,-0.1,-0.05,0.0,-0.033,-7.339177489177488,-5.246102607709751,-4.269886363636363
TRAYVEON WILLIAMS,1.4,0.7,0.7,0.0,0.0,0.0,0.66,0.33,0.33,0.0,0.0,0.33,0.495,0.0,0.21780000000000002,-6.339177489177489,-4.701102607709751,-4.269886363636363
AUSTIN WALTER,0.5,0.5,0.0,0.0,0.0,0.0,0.75,0.75,0.0,0.0,0.0,0.0,0.75,0.0,0.2475,-7.2391774891774885,-4.446102607709751,-4.269886363636363
DARWIN THOMPSON,0.8,1.3,-0.5,0.0,0.0,0.0,0.06000000000000001,0.32,-0.26,0.0,0.0,-0.26,0.19,0.0,0.019800000000000005,-6.939177489177489,-5.00610260770975,-4.269886363636363
MICHAEL BURTON,0.4,0.7,-0.29999999999999993,0.0,0.0,0.0,0.26000000000000006,0.23000000000000007,0.03,0.0,0.0,0.03,0.24500000000000005,0.0,0.08580000000000003,-7.339177489177488,-4.951102607709751,-4.269886363636363
ADRIAN KILLINS,,,,,,,,,,,,,,,,,,
