Player,Rk,Tm,FantPos,Age,G,GS,Cmp,Att,Yds,TD,Int,Att.1,Yds.1,Y/A,TD.1,Tgt,Rec,Yds.2,Y/R,TD.2,Fmb,FL,TD.3,2PM,2PP,FantPt,PPR,DKPt,FDPt,VBD,PosRank,OvRank,Code,Initial,FantPt/G,PPR/G
Lamar Jackson,2,BAL,QB,22,15,15,265,401,3127,36,6,176,1206,6.85,7,0,0,0,,0,9,2,7,,,416.0,415.7,429.7,421.7,152.0,1,2.0,JackLa00,J,27.733333333333334,27.71333333333333
Christian McCaffrey,1,CAR,RB,23,16,16,0,2,0,0,0,287,1387,4.83,15,142,116,1005,8.66,4,1,0,19,1.0,,355.0,471.2,477.2,413.2,215.0,1,1.0,McCaCh01,M,22.1875,29.45
Deshaun Watson,17,HOU,QB,24,15,15,333,495,3852,26,12,82,413,5.04,7,1,1,6,6.0,1,10,3,8,,1.0,320.0,321.0,342.0,332.5,56.0,4,17.0,WatsDe00,W,21.333333333333332,21.4
Dak Prescott,12,DAL,QB,26,16,16,388,596,4902,30,11,52,277,5.33,3,0,0,0,,0,6,2,3,,1.0,338.0,337.8,356.8,348.8,74.0,2,12.0,PresDa01,P,21.125,21.1125
Matthew Stafford,95,DET,QB,31,8,8,187,291,2499,19,5,20,66,3.3,0,0,0,0,,0,5,3,0,,,167.0,166.6,177.6,171.6,,29,,StafMa00,S,20.875,20.825
Russell Wilson,14,SEA,QB,31,16,16,341,516,4110,31,5,75,342,4.56,3,0,0,0,,0,8,2,3,,1.0,329.0,328.6,341.6,333.6,65.0,3,14.0,WilsRu00,W,20.5625,20.5375
Patrick Mahomes,48,KAN,QB,24,14,14,319,484,4031,26,5,43,218,5.07,2,0,0,0,,0,3,2,2,,1.0,287.0,287.0,300.0,292.0,23.0,7,48.0,MahoPa00,M,20.5,20.5
Drew Brees,87,NOR,QB,40,11,11,281,378,2979,27,4,9,-4,-0.44,1,0,0,0,,0,0,0,1,,,225.0,224.8,231.8,228.8,,21,,BreeDr00,B,20.454545454545453,20.436363636363637
Jameis Winston,30,TAM,QB,25,16,16,380,626,5109,33,30,59,250,4.24,1,0,0,0,,0,12,5,1,2.0,2.0,305.0,305.4,346.4,335.4,42.0,5,30.0,WinsJa00,W,19.0625,19.0875
Ryan Tannehill,88,TEN,QB,31,12,10,201,286,2742,22,6,43,185,4.3,4,0,0,0,,0,6,3,4,1.0,,224.0,224.2,239.2,230.2,,22,,TannRy00,T,18.666666666666668,18.683333333333334
Derrick Henry,3,TEN,RB,25,15,15,0,0,0,0,0,303,1540,5.08,16,24,18,206,11.44,2,5,3,18,,,277.0,294.6,303.6,285.6,136.0,2,3.0,HenrDe00,H,18.466666666666665,19.64
Josh Allen,44,BUF,QB,23,16,16,271,461,3089,20,9,109,510,4.68,9,0,0,0,,0,14,4,9,1.0,2.0,289.0,288.6,307.6,297.6,25.0,6,44.0,AlleJo02,A,18.0625,18.0375
Kyler Murray,50,ARI,QB,22,16,16,349,542,3722,20,12,93,544,5.85,4,0,0,0,,0,5,2,4,,3.0,285.0,285.3,305.3,297.3,22.0,8,50.0,MurrKy00,M,17.8125,17.83125
Matt Ryan,69,ATL,QB,34,15,15,408,616,4466,26,14,34,147,4.32,1,0,0,0,,0,9,5,1,,1.0,267.0,267.3,292.3,281.3,4.0,11,69.0,RyanMa00,R,17.8,17.82
Aaron Rodgers,56,GNB,QB,36,16,16,353,569,4002,26,4,46,183,3.98,1,0,0,0,,0,4,4,1,1.0,2.0,278.0,278.4,292.4,282.4,15.0,9,56.0,RodgAa00,R,17.375,17.4
Carson Wentz,60,PHI,QB,27,16,16,388,607,4039,27,7,62,243,3.92,1,0,0,0,,0,16,7,1,,2.0,276.0,275.9,295.9,282.9,12.0,10,60.0,WentCa00,W,17.25,17.24375
Dalvin Cook,6,MIN,RB,24,14,14,0,0,0,0,0,250,1135,4.54,13,63,53,519,9.79,0,4,2,13,,,239.0,292.4,300.4,265.9,99.0,5,6.0,CookDa01,C,17.071428571428573,20.885714285714283
Aaron Jones,4,GNB,RB,25,16,16,0,0,0,0,0,236,1084,4.59,16,68,49,474,9.67,3,3,2,19,,,266.0,314.8,322.8,290.3,125.0,3,4.0,JoneAa00,J,16.625,19.675
Daniel Jones,90,NYG,QB,22,13,12,284,459,3027,24,12,45,279,6.2,2,0,0,0,,0,18,11,2,,2.0,215.0,215.0,244.0,227.0,,24,,JoneDa05,J,16.53846153846154,16.53846153846154
Tom Brady,76,NWE,QB,42,16,16,373,613,4057,24,8,26,34,1.31,3,0,0,0,,0,4,1,3,,1.0,264.0,263.7,275.7,271.7,,12,76.0,BradTo00,B,16.5,16.48125
Gardner Minshew II,86,JAX,QB,23,14,12,285,470,3271,21,6,67,344,5.13,0,0,0,0,,0,13,7,0,,3.0,229.0,229.2,248.2,235.2,,19,,MinsGa00,M,16.357142857142858,16.37142857142857
Kirk Cousins,82,MIN,QB,31,15,15,307,444,3603,26,6,31,63,2.03,1,1,0,0,,0,10,3,1,,1.0,244.0,244.4,256.4,250.4,,15,,CousKi00,C,16.266666666666666,16.293333333333333
Ezekiel Elliott,5,DAL,RB,24,16,16,0,0,0,0,0,301,1357,4.51,12,71,54,420,7.78,2,3,2,14,,,258.0,311.7,319.7,284.7,117.0,4,5.0,ElliEz00,E,16.125,19.48125
Ryan Fitzpatrick,83,MIA,QB,37,15,13,311,502,3529,20,13,54,243,4.5,4,0,0,0,,0,9,2,4,,1.0,241.0,241.5,262.5,254.5,,17,,FitzRy00,F,16.066666666666666,16.1
Andy Dalton,91,CIN,QB,32,13,13,314,528,3494,16,14,32,73,2.28,4,1,1,-4,-4.0,0,8,4,4,1.0,1.0,203.0,203.7,224.7,217.2,,26,,DaltAn00,D,15.615384615384615,15.669230769230769
Jared Goff,79,LAR,QB,25,16,16,394,626,4638,22,16,33,40,1.21,2,0,0,0,,0,10,5,2,,,248.0,247.5,271.5,263.5,,13,,GoffJa00,G,15.5,15.46875
Jimmy Garoppolo,80,SFO,QB,28,16,16,329,476,3978,27,13,46,62,1.35,1,0,0,0,,0,10,5,1,,2.0,247.0,247.3,268.3,260.3,,14,,GaroJi00,G,15.4375,15.45625
Derek Carr,81,OAK,QB,28,16,16,361,513,4054,21,8,27,82,3.04,2,0,0,0,,0,7,3,2,,,244.0,244.4,258.4,252.4,,16,,CarrDe02,C,15.25,15.275
Saquon Barkley,21,NYG,RB,22,13,13,0,0,0,0,0,217,1003,4.62,6,73,52,438,8.42,2,1,0,8,,,192.0,244.1,250.1,218.1,52.0,10,21.0,BarkSa00,B,14.76923076923077,18.776923076923076
Philip Rivers,84,LAC,QB,38,16,16,390,591,4615,23,20,12,29,2.42,0,0,0,0,,0,8,3,0,,1.0,236.0,235.5,261.5,255.5,,18,,RivePh00,R,14.75,14.71875
Sam Darnold,93,NYJ,QB,22,13,13,273,441,3024,19,13,33,62,1.88,2,0,0,0,,0,11,3,2,,3.0,189.0,189.2,208.2,202.2,,27,,DarnSa00,D,14.538461538461538,14.553846153846154
Mark Ingram,11,BAL,RB,30,15,15,0,0,0,0,0,202,1018,5.04,10,29,26,247,9.5,5,2,2,15,2.0,,217.0,242.5,250.5,229.5,76.0,8,11.0,IngrMa01,I,14.466666666666667,16.166666666666668
Jacoby Brissett,89,IND,QB,27,15,15,272,447,2942,18,6,56,228,4.07,4,1,1,2,2.0,0,7,5,4,,1.0,217.0,217.7,234.7,223.2,,23,,BrisJa00,B,14.466666666666667,14.513333333333332
Baker Mayfield,85,CLE,QB,24,16,16,317,534,3827,22,21,28,141,5.04,3,0,0,0,,0,6,2,3,,1.0,229.0,229.2,258.2,250.2,,20,,MayfBa00,M,14.3125,14.325
Michael Thomas,7,NOR,WR,26,16,15,0,0,0,0,0,1,-9,-9.0,0,185,149,1725,11.58,9,1,0,9,,,226.0,374.6,377.6,300.1,97.0,1,7.0,ThomMi05,T,14.125,23.4125
Nick Chubb,9,CLE,RB,24,16,16,0,0,0,0,0,298,1494,5.01,8,49,36,278,7.72,0,3,3,8,,,219.0,255.2,264.2,237.2,79.0,6,9.0,ChubNi00,C,13.6875,15.95
Kyle Allen,94,CAR,QB,23,13,12,303,489,3322,17,16,32,106,3.31,2,0,0,0,,0,13,7,2,,,177.0,177.5,206.5,193.5,,28,,AlleKy00,A,13.615384615384615,13.653846153846153
Chris Godwin,15,TAM,WR,23,14,14,0,0,0,0,0,1,8,8.0,0,121,86,1333,15.5,9,0,0,9,1.0,,190.0,276.1,279.1,233.1,61.0,2,15.0,GodwCh00,G,13.571428571428571,19.72142857142857
Austin Ekeler,10,LAC,RB,24,16,8,0,0,0,0,0,132,557,4.22,3,108,92,993,10.79,8,3,2,11,,,217.0,309.0,317.0,263.0,76.0,7,10.0,EkelAu00,E,13.5625,19.3125
Mitchell Trubisky,92,CHI,QB,25,15,15,326,516,3138,17,10,48,193,4.02,2,0,0,0,,0,5,2,2,,1.0,203.0,202.8,220.8,212.8,,25,,TrubMi00,T,13.533333333333333,13.520000000000001
Josh Jacobs,36,OAK,RB,21,13,13,0,0,0,0,0,242,1150,4.75,7,27,20,166,8.3,0,1,1,7,,,172.0,191.6,198.6,181.6,31.0,14,36.0,JacoJo01,J,13.23076923076923,14.738461538461538
Chris Carson,18,SEA,RB,25,15,15,0,0,0,0,0,278,1230,4.42,7,47,37,266,7.19,2,7,4,9,,,196.0,232.6,242.6,214.1,55.0,9,18.0,CarsCh00,C,13.066666666666666,15.506666666666666
Mike Evans,33,TAM,WR,26,13,13,0,0,0,0,0,0,0,,0,118,67,1157,17.27,8,0,0,8,1.0,,166.0,232.7,235.7,199.2,37.0,8,33.0,EvanMi00,E,12.76923076923077,17.9
Todd Gurley,24,LAR,RB,25,15,15,0,0,0,0,0,223,857,3.84,12,49,31,207,6.68,2,3,2,14,1.0,,188.0,219.4,227.4,203.9,48.0,12,24.0,GurlTo01,G,12.533333333333333,14.626666666666667
Leonard Fournette,29,JAX,RB,24,15,15,0,0,0,0,0,265,1152,4.35,3,100,76,522,6.87,0,1,1,3,,,183.0,259.4,266.4,221.4,43.0,13,29.0,FourLe00,F,12.2,17.293333333333333
Alvin Kamara,41,NOR,RB,24,14,9,1,1,13,0,0,171,797,4.66,5,97,81,533,6.58,1,4,1,6,,,168.0,248.5,255.5,208.0,27.0,16,41.0,KamaAl00,K,12.0,17.75
Marlon Mack,42,IND,RB,23,14,12,0,0,0,0,0,247,1091,4.42,8,17,14,82,5.86,0,0,0,8,1.0,,167.0,181.3,184.3,174.3,27.0,17,42.0,MackMa00,M,11.928571428571429,12.950000000000001
Joe Mixon,23,CIN,RB,23,16,15,0,0,0,0,0,278,1137,4.09,5,45,35,287,8.2,3,0,0,8,,,190.0,225.4,231.4,207.9,50.0,11,23.0,MixoJo00,M,11.875,14.0875
Kenyan Drake,47,2TM,RB,25,14,10,0,0,0,0,0,170,817,4.81,8,68,50,345,6.9,0,2,1,8,1.0,,164.0,214.2,221.2,189.2,24.0,18,47.0,DrakKe00,D,11.714285714285714,15.299999999999999
Julio Jones,27,ATL,WR,30,15,15,0,0,0,0,0,2,-3,-1.5,0,157,99,1394,14.08,6,1,0,6,,,175.0,274.1,277.1,224.6,46.0,5,27.0,JoneJu02,J,11.666666666666666,18.273333333333333
Melvin Gordon,97,LAC,RB,26,12,11,0,0,0,0,0,162,612,3.78,8,55,42,296,7.05,1,4,3,9,,,139.0,180.8,189.8,159.8,,25,,GordMe00,G,11.583333333333334,15.066666666666668
Kenny Golladay,20,DET,WR,26,16,16,0,0,0,0,0,0,0,,0,116,65,1190,18.31,11,1,1,11,,,183.0,248.0,252.0,215.5,54.0,3,20.0,GollKe00,G,11.4375,15.5
James Conner,111,PIT,RB,24,10,10,0,0,0,0,0,116,464,4.0,4,38,34,251,7.38,3,1,1,7,,,112.0,145.5,152.5,128.5,,33,,ConnJa00,C,11.2,14.55
Cooper Kupp,26,LAR,WR,26,16,14,0,1,0,0,0,2,4,2.0,0,134,94,1161,12.35,10,3,0,10,,,177.0,270.5,273.5,223.5,47.0,4,26.0,KuppCo00,K,11.0625,16.90625
DeAndre Hopkins,35,HOU,WR,27,15,15,1,2,6,1,1,2,18,9.0,0,150,104,1165,11.2,7,0,0,7,1.0,,165.0,268.5,272.5,217.5,35.0,10,35.0,HopkDe00,H,11.0,17.9
Mason Rudolph,117,PIT,QB,24,10,8,176,283,1765,13,9,21,42,2.0,0,0,0,0,,0,4,0,0,,,109.0,108.8,120.8,117.8,,30,,RudoMa00,R,10.9,10.879999999999999
DeVante Parker,28,MIA,WR,26,16,14,0,0,0,0,0,0,0,,0,128,72,1202,16.69,9,0,0,9,,,174.0,246.2,249.2,210.2,45.0,6,28.0,ParkDe01,P,10.875,15.3875
Davante Adams,74,GNB,WR,27,12,12,0,0,0,0,0,0,0,,0,127,83,997,12.01,5,2,1,5,1.0,,130.0,212.7,216.7,171.2,1.0,29,74.0,AdamDa01,A,10.833333333333334,17.724999999999998
Tyreek Hill,73,KAN,WR,25,12,12,0,0,0,0,0,8,23,2.88,0,89,58,860,14.83,7,0,0,7,,,130.0,188.3,191.3,159.3,1.0,28,73.0,HillTy00,H,10.833333333333334,15.691666666666668
Joe Flacco,142,DEN,QB,34,8,8,171,262,1822,6,5,12,20,1.67,0,0,0,0,,0,8,3,0,,1.0,85.0,84.9,95.9,89.9,,34,,FlacJo00,F,10.625,10.6125
Miles Sanders,38,PHI,RB,22,16,11,0,0,0,0,0,179,818,4.57,3,63,50,509,10.18,3,2,1,6,1.0,,169.0,218.7,225.7,193.7,28.0,15,38.0,SandMi01,S,10.5625,13.66875
Amari Cooper,32,DAL,WR,25,16,16,0,0,0,0,0,1,6,6.0,0,119,79,1189,15.05,8,0,0,8,,,168.0,246.5,249.5,207.0,38.0,7,32.0,CoopAm00,C,10.5,15.40625
Michael Gallup,55,DAL,WR,23,14,12,0,0,0,0,0,0,0,,0,113,66,1107,16.77,6,0,0,6,,,147.0,212.7,215.7,179.7,18.0,20,55.0,GallMi00,G,10.5,15.192857142857141
A.J. Brown,34,TEN,WR,22,16,11,0,0,0,0,0,3,60,20.0,1,84,52,1051,20.21,8,1,0,9,,,165.0,217.1,220.1,191.1,36.0,9,34.0,BrowAJ00,B,10.3125,13.56875
Calvin Ridley,65,ATL,WR,25,13,10,0,0,0,0,0,2,34,17.0,0,93,63,866,13.75,7,0,0,7,1.0,,134.0,197.0,200.0,165.5,5.0,23,65.0,RidlCa00,R,10.307692307692308,15.153846153846153
Case Keenum,121,WAS,QB,31,10,8,160,247,1707,11,5,9,12,1.33,1,0,0,0,,0,6,3,1,,,103.0,103.5,114.5,108.5,,31,,KeenCa00,K,10.3,10.35
DJ Chark,46,JAX,WR,23,15,14,0,0,0,0,0,2,20,10.0,0,118,73,1008,13.81,8,0,0,8,1.0,,153.0,225.8,228.8,189.3,24.0,16,46.0,CharDJ00,C,10.2,15.053333333333335
Phillip Lindsay,49,DEN,RB,25,16,16,0,0,0,0,0,224,1011,4.51,7,48,35,196,5.6,0,0,0,7,,,163.0,197.7,203.7,180.2,22.0,19,49.0,LindPh00,L,10.1875,12.35625
Marvin Jones,71,DET,WR,29,13,11,0,0,0,0,0,2,0,0.0,0,91,62,779,12.56,9,0,0,9,,,132.0,193.9,196.9,162.9,3.0,27,71.0,JoneMa02,J,10.153846153846153,14.915384615384616
Jordan Howard,126,PHI,RB,25,10,4,0,0,0,0,0,119,525,4.41,6,14,10,69,6.9,1,0,0,7,,,101.0,111.4,114.4,106.4,,38,,HowaJo00,H,10.1,11.14
Damien Williams,113,KAN,RB,27,11,6,0,0,0,0,0,111,498,4.49,5,37,30,213,7.1,2,1,1,7,,,111.0,141.1,148.1,126.1,,34,,WillDa05,W,10.090909090909092,12.827272727272726
Teddy Bridgewater,136,NOR,QB,27,9,5,133,196,1384,9,2,28,31,1.11,0,0,0,0,,0,1,0,0,,,90.0,90.5,95.5,92.5,,32,,BridTe00,B,10.0,10.055555555555555
Le'Veon Bell,63,NYJ,RB,27,15,15,0,0,0,0,0,245,789,3.22,3,78,66,461,6.98,1,1,1,4,1.0,,149.0,215.0,222.0,182.0,8.0,21,63.0,BellLe00,B,9.933333333333334,14.333333333333334
Stefon Diggs,52,MIN,WR,26,15,15,0,1,0,0,0,5,61,12.2,0,94,63,1130,17.94,6,4,3,6,,,149.0,212.1,218.1,180.6,20.0,18,52.0,DiggSt00,D,9.933333333333334,14.139999999999999
Devonta Freeman,96,ATL,RB,27,14,14,0,0,0,0,0,184,656,3.57,2,70,59,410,6.95,4,3,2,6,,,139.0,197.6,205.6,168.1,,26,,FreeDe00,F,9.928571428571429,14.114285714285714
Devin Singletary,107,BUF,RB,22,12,8,0,0,0,0,0,151,775,5.13,2,41,29,194,6.69,2,4,1,4,,,119.0,147.9,154.9,133.4,,31,,SingDe00,S,9.916666666666666,12.325000000000001
Keenan Allen,37,LAC,WR,27,16,16,0,0,0,0,0,3,16,5.33,0,149,104,1199,11.53,6,0,0,6,,,158.0,261.5,264.5,209.5,28.0,11,37.0,AlleKe00,A,9.875,16.34375
John Brown,53,BUF,WR,29,15,15,1,1,28,1,0,2,7,3.5,0,115,72,1060,14.72,6,0,0,6,,,148.0,219.8,222.8,183.8,19.0,19,53.0,BrowJo02,B,9.866666666666667,14.653333333333334
George Kittle,16,SFO,TE,26,14,14,0,0,0,0,0,5,22,4.4,0,107,85,1053,12.39,5,1,0,5,,,138.0,222.5,225.5,180.0,61.0,3,16.0,KittGe00,K,9.857142857142858,15.892857142857142
Travis Kelce,8,KAN,TE,30,16,16,0,0,0,0,0,1,4,4.0,1,136,97,1229,12.67,5,1,1,6,,,157.0,254.3,258.3,205.8,80.0,1,8.0,KelcTr00,K,9.8125,15.89375
Allen Robinson,39,CHI,WR,26,16,15,0,0,0,0,0,1,2,2.0,0,154,98,1147,11.7,7,0,0,7,,,157.0,254.9,257.9,205.9,28.0,12,39.0,RobiAl02,R,9.8125,15.93125
Julian Edelman,40,NWE,WR,33,16,13,2,2,47,1,0,8,27,3.38,0,153,100,1117,11.17,6,3,1,6,1.0,,156.0,256.3,260.3,206.3,27.0,13,40.0,EdelJu00,E,9.75,16.01875
Jarvis Landry,43,CLE,WR,27,16,16,0,0,0,0,0,1,10,10.0,0,138,83,1174,14.14,6,0,0,6,,,154.0,237.4,240.4,195.9,25.0,14,43.0,LandJa00,L,9.625,14.8375
D.J. Moore,58,CAR,WR,22,15,15,0,0,0,0,0,6,40,6.67,0,135,87,1175,13.51,4,2,1,4,,,144.0,230.5,234.5,187.0,14.0,21,58.0,MoorD.00,M,9.6,15.366666666666667
Terry McLaurin,67,WAS,WR,24,14,14,0,0,0,0,0,0,0,,0,93,58,919,15.84,7,0,0,7,,,134.0,191.9,194.9,162.9,5.0,24,67.0,McLaTe00,M,9.571428571428571,13.707142857142857
Tyler Lockett,45,SEA,WR,27,16,16,0,0,0,0,0,4,-5,-1.25,0,110,82,1057,12.89,8,1,0,8,,,153.0,235.2,238.2,194.2,24.0,15,45.0,LockTy00,L,9.5625,14.7
Robert Woods,59,LAR,WR,27,15,15,0,0,0,0,0,17,115,6.76,1,139,90,1134,12.6,2,0,0,3,,,143.0,232.9,238.9,187.9,14.0,22,59.0,WoodRo02,W,9.533333333333333,15.526666666666667
Mark Andrews,13,BAL,TE,23,15,4,0,0,0,0,0,0,0,,0,98,64,852,13.31,10,2,1,10,,,143.0,207.2,211.2,175.2,66.0,2,13.0,AndrMa00,A,9.533333333333333,13.813333333333333
Raheem Mostert,61,SFO,RB,27,16,0,0,0,0,0,0,137,772,5.64,8,22,14,180,12.86,2,2,2,10,,,151.0,165.2,173.2,158.2,11.0,20,61.0,MostRa00,M,9.4375,10.325
Courtland Sutton,51,DEN,WR,24,16,14,1,1,38,0,0,3,17,5.67,0,124,72,1112,15.44,6,2,0,6,,,150.0,222.4,225.4,186.4,21.0,17,51.0,SuttCo00,S,9.375,13.9
Kerryon Johnson,160,DET,RB,22,8,7,0,0,0,0,0,113,403,3.57,3,15,10,127,12.7,1,1,1,4,,,75.0,85.0,92.0,80.0,,47,,JohnKe06,J,9.375,10.625
Golden Tate,122,NYG,WR,31,11,10,0,0,0,0,0,1,16,16.0,0,85,49,676,13.8,6,1,1,6,,,103.0,152.2,156.2,127.7,,41,,TateGo00,T,9.363636363636363,13.836363636363636
David Montgomery,66,CHI,RB,22,16,8,0,0,0,0,0,242,889,3.67,6,35,25,185,7.4,1,2,2,7,,,145.0,170.4,178.4,157.9,5.0,22,66.0,MontDa01,M,9.0625,10.65
Austin Hooper,31,ATL,TE,25,13,10,0,0,0,0,0,0,0,,0,97,75,787,10.49,6,0,0,6,1.0,,117.0,191.7,194.7,154.2,40.0,7,31.0,HoopAu00,H,9.0,14.746153846153845
Carlos Hyde,72,HOU,RB,29,16,14,0,0,0,0,0,245,1070,4.37,6,16,10,42,4.2,0,4,2,6,,,143.0,153.2,158.2,148.2,3.0,23,72.0,HydeCa00,H,8.9375,9.575
Jared Cook,25,NOR,TE,32,14,7,0,0,0,0,0,0,0,,0,65,43,705,16.4,9,0,0,9,,,125.0,167.5,170.5,146.0,48.0,6,25.0,CookJa02,C,8.928571428571429,11.964285714285714
Sony Michel,75,NWE,RB,24,16,14,0,0,0,0,0,247,912,3.69,7,20,12,94,7.83,0,2,1,7,,,141.0,152.6,156.6,146.6,,24,75.0,MichSo00,M,8.8125,9.5375
Deebo Samuel,70,SFO,WR,23,15,11,0,0,0,0,0,14,159,11.36,3,81,57,802,14.07,3,2,1,6,1.0,,132.0,189.1,196.1,160.6,3.0,26,70.0,SamuDe00,S,8.8,12.606666666666666
Darius Slayton,105,NYG,WR,22,14,9,0,0,0,0,0,0,0,,0,84,48,740,15.42,8,0,0,8,,,122.0,170.0,173.0,146.0,,33,,SlayDa01,S,8.714285714285714,12.142857142857142
Adrian Peterson,99,WAS,RB,34,15,15,0,0,0,0,0,211,898,4.26,5,23,17,142,8.35,0,3,2,5,,,130.0,147.0,155.0,138.5,,28,,PeteAd01,P,8.666666666666666,9.8
Dwayne Haskins,155,WAS,QB,22,9,7,119,203,1365,7,7,20,101,5.05,0,0,0,0,,0,6,2,0,,1.0,77.0,76.7,91.7,83.7,,36,,HaskDw00,H,8.555555555555555,8.522222222222222
James White,101,NWE,RB,27,15,1,1,1,35,0,0,67,263,3.93,1,95,72,645,8.96,5,1,1,6,1.0,,128.0,200.2,207.2,164.2,,29,,WhitJa02,W,8.533333333333333,13.346666666666666
Zach Ertz,22,PHI,TE,29,15,15,0,0,0,0,0,0,0,,0,135,88,916,10.41,6,1,1,6,1.0,,128.0,215.6,219.6,171.6,51.0,5,22.0,ErtzZa00,E,8.533333333333333,14.373333333333333
Sterling Shepard,146,NYG,WR,26,10,10,0,0,0,0,0,6,72,12.0,0,83,57,576,10.11,3,0,0,3,1.0,,85.0,141.8,144.8,113.3,,54,,ShepSt00,S,8.5,14.180000000000001
Ronald Jones II,98,TAM,RB,22,16,9,0,0,0,0,0,172,724,4.21,6,40,31,309,9.97,0,3,2,6,,,135.0,166.3,174.3,150.8,,27,,JoneRo01,J,8.4375,10.39375
Adam Thielen,148,MIN,WR,29,10,10,0,0,0,0,0,4,6,1.5,1,48,30,418,13.93,6,0,0,7,,,84.0,114.4,117.4,99.4,,56,,ThieAd00,T,8.4,11.440000000000001
John Ross,179,CIN,WR,25,8,8,0,0,0,0,0,3,4,1.33,0,56,28,506,18.07,3,1,1,3,,,67.0,95.0,99.0,81.0,,70,,RossJo00,R,8.375,11.875
Tyler Boyd,68,CIN,WR,25,16,15,0,0,0,0,0,4,23,5.75,0,148,90,1046,11.62,5,2,2,5,,,133.0,222.9,227.9,177.9,4.0,25,68.0,BoydTy00,B,8.3125,13.93125
Darren Waller,19,OAK,TE,27,16,16,0,0,0,0,0,2,5,2.5,0,117,90,1145,12.72,3,1,1,3,,,131.0,221.0,225.0,176.0,54.0,4,19.0,WallDa01,W,8.1875,13.8125
David Johnson,119,ARI,RB,28,13,9,0,0,0,0,0,94,345,3.67,2,47,36,370,10.28,4,1,1,6,,,106.0,141.5,148.5,123.5,,37,,JohnDa08,J,8.153846153846153,10.884615384615385
Tevin Coleman,110,SFO,RB,26,14,11,0,0,0,0,0,137,544,3.97,6,30,21,180,8.57,1,0,0,7,,,114.0,135.4,141.4,124.9,,32,,ColeTe01,C,8.142857142857142,9.671428571428573
Evan Engram,180,NYG,TE,25,8,6,0,0,0,0,0,3,7,2.33,0,68,44,467,10.61,3,0,0,3,,,65.0,109.4,112.4,87.4,,19,,EngrEv00,E,8.125,13.675
D.K. Metcalf,100,SEA,WR,22,16,15,0,0,0,0,0,2,11,5.5,0,100,58,900,15.52,7,3,3,7,1.0,,129.0,187.1,193.1,158.1,,30,,MetcDK00,M,8.0625,11.69375
Kareem Hunt,184,CLE,RB,24,8,3,0,0,0,0,0,43,179,4.16,2,44,37,285,7.7,1,1,0,3,,,64.0,101.4,107.4,82.9,,54,,HuntKa00,H,8.0,12.675
T.Y. Hilton,151,IND,WR,30,10,10,0,0,0,0,0,0,0,,0,68,45,501,11.13,5,0,0,5,,,80.0,125.1,128.1,102.6,,57,,HiltT.00,H,8.0,12.51
Odell Beckham Jr.,102,CLE,WR,27,16,15,1,2,20,0,0,3,10,3.33,0,133,74,1035,13.99,4,1,1,4,,,127.0,201.3,205.3,164.3,,31,,BeckOd00,B,7.9375,12.58125
Hunter Henry,54,LAC,TE,25,12,12,0,0,0,0,0,0,0,,0,76,55,652,11.85,5,1,1,5,1.0,,95.0,150.2,154.2,122.7,18.0,8,54.0,HenrHu00,H,7.916666666666667,12.516666666666666
Alshon Jeffery,154,PHI,WR,29,10,10,0,0,0,0,0,1,2,2.0,1,73,43,490,11.4,4,0,0,5,,,79.0,122.2,125.2,100.7,,59,,JeffAl00,J,7.9,12.22
Cole Beasley,108,BUF,WR,30,15,10,0,0,0,0,0,0,0,,0,106,67,778,11.61,6,0,0,6,2.0,,118.0,184.8,187.8,151.3,,35,,BeasCo00,B,7.866666666666666,12.32
Will Fuller,143,HOU,WR,25,11,11,0,0,0,0,0,0,0,,0,71,49,670,13.67,3,1,0,3,,,85.0,134.0,137.0,109.5,,53,,FullWi01,F,7.7272727272727275,12.181818181818182
Christian Kirk,130,ARI,WR,23,13,13,0,0,0,0,0,10,93,9.3,0,108,68,709,10.43,3,0,0,3,1.0,,100.0,168.2,171.2,134.2,,46,,KirkCh01,K,7.6923076923076925,12.938461538461537
Latavius Murray,104,NOR,RB,29,16,8,0,0,0,0,0,146,637,4.36,5,43,34,235,6.91,1,0,0,6,,,123.0,157.2,163.2,140.2,,30,,MurrLa00,M,7.6875,9.825
Jamaal Williams,118,GNB,RB,24,14,2,0,0,0,0,0,107,460,4.3,1,45,39,253,6.49,5,0,0,6,,,107.0,146.3,152.3,126.8,,36,,WillJa06,W,7.642857142857143,10.450000000000001
Jamison Crowder,106,NYJ,WR,26,16,12,0,0,0,0,0,1,4,4.0,0,122,78,833,10.68,6,0,0,6,,,120.0,197.7,200.7,158.7,,34,,CrowJa00,C,7.5,12.35625
Mike Williams,112,LAC,WR,25,15,15,0,0,0,0,0,1,2,2.0,0,90,49,1001,20.43,2,0,0,2,,,112.0,161.3,164.3,136.8,,37,,WillMi07,W,7.466666666666667,10.753333333333334
Preston Williams,189,MIA,WR,22,8,7,0,0,0,0,0,0,0,,0,60,32,428,13.38,3,2,1,3,,,59.0,90.8,94.8,74.8,,75,,WillPr01,W,7.375,11.35
Curtis Samuel,109,CAR,WR,23,16,15,0,0,0,0,0,19,130,6.84,1,105,54,627,11.61,6,0,0,7,,,118.0,171.7,177.7,144.7,,36,,SamuCu00,S,7.375,10.73125
Emmanuel Sanders,103,2TM,WR,32,17,16,1,1,35,1,0,0,0,,0,97,66,869,13.17,5,0,0,5,1.0,,124.0,190.3,193.3,157.3,,32,,SandEm00,S,7.294117647058823,11.194117647058825
Breshad Perriman,124,TAM,WR,26,14,4,0,0,0,0,0,2,16,8.0,0,69,36,645,17.92,6,0,0,6,,,102.0,138.1,141.1,120.1,,43,,PerrBr02,P,7.285714285714286,9.864285714285714
Tyrell Williams,127,OAK,WR,27,14,12,0,0,0,0,0,0,0,,0,64,42,651,15.5,6,0,0,6,,,101.0,143.1,146.1,122.1,,44,,WillTy00,W,7.214285714285714,10.221428571428572
Marquise Brown,128,BAL,WR,22,14,11,0,0,0,0,0,0,0,,0,71,46,584,12.7,7,0,0,7,,,100.0,146.4,149.4,123.4,,45,,BrowMa04,B,7.142857142857143,10.457142857142857
LeSean McCoy,134,KAN,RB,31,13,9,0,0,0,0,0,101,465,4.6,4,34,28,181,6.46,1,3,2,5,,,91.0,118.6,126.6,104.6,,41,,McCoLe01,M,7.0,9.123076923076923
Robby Anderson,114,NYJ,WR,26,16,15,0,0,0,0,0,1,4,4.0,0,96,52,779,14.98,5,1,0,5,1.0,,110.0,162.3,165.3,136.3,,38,,AndeRo04,A,6.875,10.14375
Chris Conley,115,JAX,WR,27,16,14,0,0,0,0,0,0,0,,0,90,47,775,16.49,5,0,0,5,1.0,,110.0,156.5,159.5,133.0,,39,,ConlCh00,C,6.875,9.78125
Duke Johnson,116,HOU,RB,26,16,2,0,0,0,0,0,83,410,4.94,2,62,44,410,9.32,3,1,1,5,,,110.0,154.0,161.0,132.0,,35,,JohnDu00,J,6.875,9.625
Taylor Gabriel,188,CHI,WR,28,9,7,0,0,0,0,0,3,20,6.67,0,48,29,353,12.17,4,0,0,4,,,61.0,90.3,93.3,75.8,,74,,GabrTa00,G,6.777777777777778,10.033333333333333
Rashaad Penny,178,SEA,RB,23,10,0,0,0,0,0,0,65,370,5.69,3,11,8,83,10.38,1,1,1,4,,,67.0,75.3,79.3,71.3,,53,,PennRa00,P,6.7,7.529999999999999
Randall Cobb,129,DAL,WR,29,15,6,0,1,0,0,0,3,11,3.67,0,83,55,828,15.05,3,2,1,3,,,100.0,154.9,158.9,127.4,,47,,CobbRa00,C,6.666666666666667,10.326666666666666
Boston Scott,165,PHI,RB,24,11,2,0,0,0,0,0,61,245,4.02,5,26,24,204,8.5,0,4,1,5,,,73.0,96.9,103.9,84.9,,51,,ScotBo02,S,6.636363636363637,8.80909090909091
Hunter Renfrow,145,OAK,WR,24,13,4,0,0,0,0,0,0,0,,0,71,49,605,12.35,4,1,0,4,,,85.0,133.5,136.5,109.0,,55,,RenfHu00,R,6.538461538461538,10.26923076923077
Diontae Johnson,120,PIT,WR,23,16,12,0,0,0,0,0,4,41,10.25,0,92,59,680,11.53,5,5,2,6,,,104.0,163.1,168.1,133.6,,40,,JohnDi01,J,6.5,10.19375
Matt Breida,147,SFO,RB,24,13,5,0,0,0,0,0,123,623,5.07,1,22,19,120,6.32,1,2,1,2,,,84.0,103.3,110.3,93.8,,45,,BreiMa00,B,6.461538461538462,7.946153846153846
Larry Fitzgerald,123,ARI,WR,36,16,16,0,0,0,0,0,0,0,,0,109,75,804,10.72,4,1,1,4,,,102.0,177.4,181.4,139.9,,42,,FitzLa00,F,6.375,11.0875
Devlin Hodges,216,PIT,QB,23,8,6,100,160,1063,5,8,21,68,3.24,0,0,0,0,,0,5,1,0,,,51.0,51.3,63.3,59.3,,41,,HodgDe00,H,6.375,6.4125
Peyton Barber,125,TAM,RB,25,16,7,0,0,0,0,0,154,470,3.05,6,24,16,115,7.19,1,1,1,7,1.0,,101.0,116.5,123.5,108.5,,39,,BarbPe01,B,6.3125,7.28125
Sammy Watkins,138,KAN,WR,26,14,13,0,0,0,0,0,2,12,6.0,0,90,52,673,12.94,3,2,1,3,1.0,,87.0,138.5,142.5,112.5,,52,,WatkSa00,W,6.214285714285714,9.892857142857142
Royce Freeman,131,DEN,RB,23,16,0,0,0,0,0,0,132,496,3.76,3,50,43,256,5.95,1,0,0,4,,,99.0,142.2,148.2,120.7,,40,,FreeRo00,F,6.1875,8.8875
Kenny Stills,152,HOU,WR,27,13,5,0,0,0,0,0,0,0,,0,55,40,561,14.03,4,0,0,4,,,80.0,120.1,123.1,100.1,,58,,StilKe00,S,6.153846153846154,9.238461538461538
Tyler Higbee,57,LAR,TE,26,15,15,0,0,0,0,0,0,0,,0,89,69,734,10.64,3,0,0,3,,,91.0,160.4,163.4,125.9,15.0,9,57.0,HigbTy00,H,6.066666666666666,10.693333333333333
Dede Westbrook,135,JAX,WR,26,15,11,0,0,0,0,0,5,27,5.4,0,101,66,660,10.0,3,1,0,3,2.0,,91.0,156.7,159.7,123.7,,50,,WestDe00,W,6.066666666666666,10.446666666666665
James Washington,137,PIT,WR,23,15,10,0,0,0,0,0,0,0,,0,80,44,735,16.7,3,1,1,3,,,90.0,133.5,137.5,111.5,,51,,WashJa00,W,6.0,8.9
JuJu Smith-Schuster,171,PIT,WR,23,12,12,0,0,0,0,0,0,0,,0,70,42,552,13.14,3,1,1,3,,,71.0,113.2,117.2,92.2,,66,,SmitJu00,S,5.916666666666667,9.433333333333334
Zach Pascal,133,IND,WR,25,16,13,0,1,0,0,0,2,16,8.0,0,72,41,607,14.8,5,0,0,5,1.0,,94.0,135.3,138.3,114.8,,48,,PascZa00,P,5.875,8.45625
Mecole Hardman,132,KAN,WR,21,16,5,0,0,0,0,0,4,17,4.25,0,41,26,538,20.69,6,2,2,7,,,94.0,119.5,124.5,106.5,,49,,HardMe00,H,5.875,7.46875
Dallas Goedert,62,PHI,TE,24,15,9,0,0,0,0,0,0,0,,0,87,58,607,10.47,5,2,2,5,,,87.0,144.7,149.7,115.7,10.0,10,62.0,GoedDa00,G,5.8,9.646666666666667
Rex Burkhead,162,NWE,RB,29,13,1,0,0,0,0,0,65,302,4.65,3,38,27,279,10.33,0,1,1,3,,,74.0,101.1,108.1,87.6,,49,,BurkRe00,B,5.6923076923076925,7.776923076923077
Chase Edmonds,169,ARI,RB,23,13,2,0,0,0,0,0,60,303,5.05,4,21,12,105,8.75,1,0,0,5,,,71.0,82.8,88.8,76.8,,52,,EdmoCh00,E,5.461538461538462,6.369230769230769
Brandin Cooks,156,LAR,WR,26,14,14,0,0,0,0,0,6,52,8.67,0,72,42,583,13.88,2,0,0,2,,,76.0,117.5,120.5,96.5,,62,,CookBr00,C,5.428571428571429,8.392857142857142
DeAndre Washington,140,OAK,RB,26,16,3,0,0,0,0,0,108,387,3.58,3,41,36,292,8.11,0,0,0,3,,,86.0,121.9,127.9,103.9,,42,,WashDe00,W,5.375,7.61875
Gus Edwards,139,BAL,RB,24,16,1,0,0,0,0,0,133,711,5.35,2,7,7,45,6.43,0,2,1,2,,,86.0,92.6,96.6,89.1,,43,,EdwaGu00,E,5.375,5.7875
Mike Gesicki,64,MIA,TE,24,16,5,0,0,0,0,0,0,0,,0,89,51,570,11.18,5,1,1,5,,,85.0,136.0,140.0,110.5,8.0,11,64.0,GesiMi00,G,5.3125,8.5
Tarik Cohen,141,CHI,RB,24,16,11,0,0,0,0,0,64,213,3.33,0,104,79,456,5.77,3,3,0,3,,,85.0,163.9,169.9,124.4,,44,,CoheTa00,C,5.3125,10.24375
Danny Amendola,153,DET,WR,34,15,10,1,1,19,1,0,0,0,,0,97,62,678,10.94,1,0,0,1,,,79.0,140.6,143.6,109.6,,60,,AmenDa00,A,5.266666666666667,9.373333333333333
Taysom Hill,149,NOR,QB,29,16,5,3,6,55,0,0,27,156,5.78,1,22,19,234,12.32,6,0,0,7,,,83.0,102.2,108.2,92.7,,35,,HillTa00,H,5.1875,6.3875
Auden Tate,187,CIN,WR,22,12,10,0,0,0,0,0,0,0,,0,80,40,575,14.38,1,1,1,1,,,62.0,101.5,105.5,81.5,,73,,TateAu00,T,5.166666666666667,8.458333333333334
Phillip Dorsett,167,NWE,WR,26,14,4,0,0,0,0,0,3,21,7.0,0,54,29,397,13.69,5,0,0,5,,,72.0,100.8,103.8,86.3,,65,,DorsPh00,D,5.142857142857143,7.2
Greg Olsen,168,CAR,TE,34,14,14,0,0,0,0,0,0,0,,0,82,52,597,11.48,2,0,0,2,,,72.0,123.7,126.7,97.7,,15,,OlseGr00,O,5.142857142857143,8.835714285714285
Frank Gore,150,BUF,RB,36,16,8,0,0,0,0,0,166,599,3.61,2,16,13,100,7.69,0,0,0,2,,,82.0,94.9,100.9,88.4,,46,,GoreFr00,G,5.125,5.93125
Eric Ebron,197,IND,TE,26,11,2,0,0,0,0,0,0,0,,0,52,31,375,12.1,3,0,0,3,,,56.0,86.5,89.5,71.0,,23,,EbroEr00,E,5.090909090909091,7.863636363636363
Marcus Johnson,250,IND,WR,25,8,6,0,0,0,0,0,0,0,,0,33,17,277,16.29,2,0,0,2,,,40.0,56.7,59.7,48.2,,95,,JohnMa07,J,5.0,7.0875
Nelson Agholor,199,PHI,WR,26,11,10,0,0,0,0,0,2,7,3.5,0,69,39,363,9.31,3,2,1,3,1.0,,55.0,94.0,98.0,74.5,,79,,AghoNe00,A,5.0,8.545454545454545
Kaden Smith,235,NYG,TE,22,9,6,0,0,0,0,0,0,0,,0,42,31,268,8.65,3,2,0,3,,,45.0,75.8,78.8,60.3,,37,,SmitKa00,S,5.0,8.422222222222222
Tony Pollard,164,DAL,RB,22,15,0,0,0,0,0,0,86,455,5.29,2,20,15,107,7.13,1,1,1,3,1.0,,74.0,89.2,96.2,81.7,,48,,PollTo00,P,4.933333333333334,5.946666666666667
Ryan Griffin,183,NYJ,TE,29,13,13,0,0,0,0,0,0,0,,0,41,34,320,9.41,5,0,0,5,1.0,,64.0,98.0,101.0,81.0,,20,,GrifRy00,G,4.923076923076923,7.538461538461538
Tre'Quan Smith,210,NOR,WR,23,11,6,0,0,0,0,0,0,0,,0,25,18,234,13.0,5,0,0,5,,,53.0,71.4,74.4,62.4,,81,,SmitTr03,S,4.818181818181818,6.490909090909091
Jacob Hollister,209,SEA,TE,26,11,3,0,0,0,0,0,0,0,,0,59,41,349,8.51,3,0,0,3,,,53.0,93.9,96.9,73.4,,27,,HollJa03,H,4.818181818181818,8.536363636363637
Jason Witten,77,DAL,TE,37,16,16,0,0,0,0,0,0,0,,0,83,63,529,8.4,4,1,1,4,1.0,,77.0,139.9,143.9,108.4,,12,77.0,WittJa00,W,4.8125,8.74375
Corey Davis,166,TEN,WR,24,15,11,0,0,0,0,0,0,0,,0,69,43,601,13.98,2,1,0,2,,,72.0,115.1,118.1,93.6,,64,,DaviCo03,D,4.8,7.673333333333333
Brian Hill,194,ATL,RB,24,12,2,0,0,0,0,0,78,323,4.14,2,14,10,69,6.9,1,0,0,3,,,57.0,67.2,70.2,62.2,,57,,HillBr02,H,4.75,5.6000000000000005
Steven Sims,159,WAS,WR,22,16,2,0,1,0,0,0,9,85,9.44,1,56,34,310,9.12,4,1,0,6,,,76.0,109.5,112.5,92.5,,61,,SimsSt00,S,4.75,6.84375
Anthony Miller,158,CHI,WR,25,16,7,0,0,0,0,0,1,-1,-1.0,0,85,52,656,12.62,2,1,1,2,,,76.0,127.5,131.5,101.5,,63,,MillAn02,M,4.75,7.96875
Darren Fells,157,HOU,TE,33,16,14,0,0,0,0,0,0,0,,0,48,34,341,10.03,7,0,0,7,,,76.0,110.1,113.1,93.1,,13,,FellDa01,F,4.75,6.88125
Chris Thompson,214,WAS,RB,29,11,0,0,0,0,0,0,37,138,3.73,0,58,42,378,9.0,0,1,0,0,,,52.0,93.6,99.6,72.6,,61,,ThomCh03,T,4.7272727272727275,8.509090909090908
Kyle Rudolph,161,MIN,TE,30,16,16,0,0,0,0,0,0,0,,0,48,39,367,9.41,6,0,0,6,1.0,,75.0,113.7,116.7,94.2,,14,,RudoKy00,R,4.6875,7.10625
Nyheim Hines,163,IND,RB,23,16,2,0,0,0,0,0,52,199,3.83,2,58,44,320,7.27,0,1,1,4,,,74.0,117.9,124.9,95.9,,50,,HineNy00,H,4.625,7.36875
Alexander Mattison,190,MIN,RB,21,13,0,0,0,0,0,0,100,462,4.62,1,12,10,82,8.2,0,1,1,1,,,58.0,68.4,72.4,63.4,,55,,MattAl01,M,4.461538461538462,5.261538461538462
Demaryius Thomas,223,NYJ,WR,32,11,10,0,0,0,0,0,0,0,,0,58,36,433,12.03,1,0,0,1,,,49.0,85.3,88.3,67.3,,86,,ThomDe03,T,4.454545454545454,7.754545454545454
Noah Fant,170,DEN,TE,22,16,11,0,0,0,0,0,3,-12,-4.0,0,66,40,562,14.05,3,1,1,3,,,71.0,111.0,115.0,91.0,,16,,FantNo00,F,4.4375,6.9375
Darrel Williams,211,KAN,RB,24,12,0,0,0,0,0,0,41,141,3.44,3,19,15,167,11.13,1,1,1,4,,,53.0,67.8,74.8,60.3,,60,,WillDa10,W,4.416666666666667,5.6499999999999995
Jeff Wilson,237,SFO,RB,24,10,0,0,0,0,0,0,27,105,3.89,4,5,3,34,11.33,1,0,0,5,,,44.0,46.9,49.9,45.4,,68,,WilsJe01,W,4.4,4.6899999999999995
Jonnu Smith,172,TEN,TE,24,16,14,0,0,0,0,0,4,78,19.5,0,44,35,439,12.54,3,0,0,3,,,70.0,104.7,107.7,87.2,,17,,SmitJo01,S,4.375,6.54375
Mohamed Sanu,181,2TM,WR,30,15,12,0,0,0,0,0,3,11,3.67,0,89,59,520,8.81,2,0,0,2,,,65.0,124.1,127.1,94.6,,71,,SanuMo00,S,4.333333333333333,8.273333333333333
Demarcus Robinson,174,KAN,WR,25,16,10,0,0,0,0,0,0,0,,0,55,32,449,14.03,4,0,0,4,,,69.0,100.9,103.9,84.9,,67,,RobiDe01,R,4.3125,6.30625
Jack Doyle,173,IND,TE,29,16,16,0,0,0,0,0,0,0,,0,72,43,448,10.42,4,1,0,4,,,69.0,111.8,114.8,90.3,,18,,DoylJa00,D,4.3125,6.9875
Josh Gordon,226,2TM,WR,28,11,7,0,1,0,0,1,1,1,1.0,0,47,27,426,15.78,1,0,0,1,,,47.0,73.7,77.7,61.2,,88,,GordJo02,G,4.2727272727272725,6.7
Kendrick Bourne,175,SFO,WR,24,16,0,0,0,0,0,0,0,0,,0,44,30,358,11.93,5,0,0,5,1.0,,68.0,97.8,100.8,82.8,,69,,BourKe00,B,4.25,6.1125
Allen Lazard,176,GNB,WR,24,16,3,0,0,0,0,0,1,21,21.0,0,52,35,477,13.63,3,0,0,3,,,68.0,102.8,105.8,85.3,,68,,LazaAl00,L,4.25,6.425
Benny Snell Jr.,203,PIT,RB,21,13,2,0,0,0,0,0,108,426,3.94,2,4,3,23,7.67,0,1,1,2,,,55.0,57.9,61.9,56.4,,59,,SnelBe00,S,4.230769230769231,4.453846153846154
Adam Humphries,220,TEN,WR,26,12,3,0,0,0,0,0,1,1,1.0,0,47,37,374,10.11,2,1,0,2,,,50.0,86.5,89.5,68.0,,85,,HumpAd00,H,4.166666666666667,7.208333333333333
T.J. Hockenson,222,DET,TE,22,12,7,0,0,0,0,0,0,0,,0,59,32,367,11.47,2,0,0,2,,,49.0,80.7,83.7,64.7,,32,,HockTJ00,H,4.083333333333333,6.7250000000000005
Gerald Everett,208,LAR,TE,25,13,2,0,0,0,0,0,1,0,0.0,0,60,37,408,11.03,2,0,0,2,,,53.0,89.8,92.8,71.3,,28,,EverGe00,E,4.076923076923077,6.907692307692307
Jaylen Samuels,195,PIT,RB,23,14,4,4,5,35,0,1,66,175,2.65,1,57,47,305,6.49,1,1,1,2,,,57.0,104.4,112.4,81.9,,56,,SamuJa00,S,4.071428571428571,7.457142857142857
Malcolm Brown,192,LAR,RB,26,14,1,0,0,0,0,0,69,255,3.7,5,6,2,16,8.0,0,0,0,5,,,57.0,59.1,62.1,58.1,,58,,BrowMa03,B,4.071428571428571,4.2214285714285715
Tyler Eifert,182,CIN,TE,29,16,4,0,0,0,0,0,0,0,,0,63,43,436,10.14,3,0,0,3,1.0,,64.0,106.6,109.6,85.1,,21,,EifeTy00,E,4.0,6.6625
Willie Snead,185,BAL,WR,27,16,11,0,0,0,0,0,2,2,1.0,0,46,31,339,10.94,5,0,0,5,,,64.0,95.1,98.1,79.6,,72,,SneaWi00,S,4.0,5.94375
Jimmy Graham,186,GNB,TE,33,16,10,0,0,0,0,0,0,0,,0,60,38,447,11.76,3,1,0,3,,,63.0,100.7,103.7,81.7,,22,,GrahJi00,G,3.9375,6.29375
Jonathan Williams,267,IND,RB,25,9,1,0,0,0,0,0,49,235,4.8,1,5,5,59,11.8,0,0,0,1,,,35.0,40.4,43.4,37.9,,79,,WillJo07,W,3.888888888888889,4.488888888888889
Tajae Sharpe,196,TEN,WR,25,15,6,0,0,0,0,0,0,0,,0,35,25,329,13.16,4,0,0,4,,,57.0,81.9,84.9,69.4,,77,,SharTa00,S,3.8,5.46
Qadree Ollison,281,ATL,RB,23,8,0,0,0,0,0,0,22,50,2.27,4,2,1,7,7.0,0,1,0,4,,,30.0,30.7,30.7,30.2,,81,,OlliQa00,O,3.75,3.8375
Allen Hurns,212,MIA,WR,28,14,7,0,0,0,0,0,0,0,,0,47,32,416,13.0,2,1,1,2,,,52.0,83.6,87.6,67.6,,83,,HurnAl01,H,3.7142857142857144,5.971428571428571
Wayne Gallman,258,NYG,RB,25,10,2,0,0,0,0,0,29,110,3.79,2,15,11,102,9.27,1,1,1,3,,,37.0,48.2,55.2,42.7,,77,,GallWa00,G,3.7,4.82
Paul Richardson,260,WAS,WR,27,10,6,0,0,0,0,0,1,0,0.0,0,42,28,245,8.75,2,0,0,2,,,37.0,64.5,67.5,50.5,,99,,RichPa01,R,3.7,6.45
Marvin Hall,271,DET,WR,26,9,0,0,0,0,0,0,1,7,7.0,0,11,7,261,37.29,1,0,0,1,,,33.0,39.8,42.8,36.3,,104,,HallMa02,H,3.6666666666666665,4.422222222222222
Damiere Byrd,249,ARI,WR,26,11,3,0,0,0,0,0,0,0,,0,46,32,359,11.22,1,1,1,1,,,40.0,71.9,75.9,55.9,,94,,ByrdDa00,B,3.6363636363636362,6.536363636363637
Marquez Valdes-Scantling,191,GNB,WR,25,16,10,0,0,0,0,0,2,9,4.5,0,56,26,452,17.38,2,0,0,2,,,58.0,84.1,87.1,71.1,,76,,ValdMa00,V,3.625,5.25625
Foster Moreau,228,OAK,TE,22,13,7,0,0,0,0,0,0,0,,0,25,21,174,8.29,5,0,0,5,,,47.0,68.4,71.4,57.9,,33,,MoreFo00,M,3.6153846153846154,5.261538461538462
O.J. Howard,219,TAM,TE,25,14,14,0,0,0,0,0,0,0,,0,53,34,459,13.5,1,1,1,1,,,50.0,83.9,87.9,66.9,,31,,HowaO.00,H,3.5714285714285716,5.992857142857143
Albert Wilson,232,MIA,WR,27,13,4,1,2,20,0,0,5,45,9.0,0,62,43,351,8.16,1,0,0,1,,,46.0,89.4,92.4,67.9,,89,,WilsAl02,W,3.5384615384615383,6.876923076923077
Ted Ginn Jr.,198,NOR,WR,34,16,9,0,0,0,0,0,3,18,6.0,0,56,30,421,14.03,2,0,0,2,,,56.0,85.9,88.9,70.9,,78,,GinnTe00,G,3.5,5.36875
Dawson Knox,213,BUF,TE,23,15,11,0,0,0,0,0,1,9,9.0,0,50,28,388,13.86,2,0,0,2,,,52.0,79.7,82.7,65.7,,29,,KnoxDa00,K,3.466666666666667,5.3133333333333335
Keke Coutee,277,HOU,WR,22,9,4,0,0,0,0,0,2,14,7.0,1,36,22,254,11.55,0,1,1,1,,,31.0,52.8,56.8,41.8,,108,,CoutKe00,C,3.4444444444444446,5.866666666666666
Cameron Brate,200,TAM,TE,28,16,6,0,0,0,0,0,0,0,,0,55,36,311,8.64,4,0,0,4,,,55.0,91.1,94.1,73.1,,24,,BratCa00,B,3.4375,5.69375
Blake Jarwin,202,DAL,TE,25,16,7,0,0,0,0,0,0,0,,0,41,31,365,11.77,3,1,0,3,,,55.0,85.5,88.5,70.0,,25,,JarwBl00,J,3.4375,5.34375
Keelan Cole,201,JAX,WR,26,16,1,0,0,0,0,0,1,6,6.0,0,35,24,361,15.04,3,0,0,3,,,55.0,78.7,81.7,66.7,,80,,ColeKe00,C,3.4375,4.91875
Jordan Akins,204,HOU,TE,27,16,9,0,0,0,0,0,0,0,,0,55,36,418,11.61,2,0,0,2,,,54.0,89.8,92.8,71.8,,26,,AkinJo00,A,3.375,5.6125
Jordan Wilkins,230,IND,RB,25,14,1,0,0,0,0,0,51,307,6.02,2,11,7,43,6.14,0,0,0,2,,,47.0,54.0,57.0,50.5,,64,,WilkJo01,W,3.357142857142857,3.857142857142857
Alex Erickson,207,CIN,WR,27,16,6,1,1,26,0,0,5,33,6.6,0,78,43,529,12.3,0,4,2,0,,,53.0,96.2,101.2,74.7,,82,,EricAl01,E,3.3125,6.0125
Vance McDonald,231,PIT,TE,29,14,14,0,0,0,0,0,1,2,2.0,0,55,38,273,7.18,3,1,0,3,,,46.0,83.5,86.5,64.5,,35,,McDoVa00,M,3.2857142857142856,5.964285714285714
Isaiah Ford,295,MIA,WR,23,8,0,0,0,0,0,0,1,11,11.0,0,35,23,244,10.61,0,0,0,0,,,26.0,48.5,51.5,37.0,,123,,FordIs00,F,3.25,6.0625
Ricky Seals-Jones,234,CLE,TE,24,14,3,0,0,0,0,0,0,0,,0,22,14,229,16.36,4,1,1,4,,,45.0,58.9,62.9,51.9,,36,,SealRi00,S,3.2142857142857144,4.207142857142857
Kalen Ballage,253,MIA,RB,24,12,6,0,0,0,0,0,74,135,1.82,3,24,14,63,4.5,0,0,0,3,,,38.0,51.8,54.8,44.8,,75,,BallKa00,B,3.1666666666666665,4.316666666666666
Russell Gage,217,ATL,WR,23,16,4,0,0,0,0,0,4,12,3.0,0,74,49,446,9.1,1,1,1,1,,,50.0,98.8,102.8,74.3,,84,,GageRu00,G,3.125,6.175
J.D. McKissic,221,DET,RB,26,16,3,0,0,0,0,0,38,205,5.39,0,42,34,233,6.85,1,0,0,1,,,50.0,83.8,89.8,66.8,,63,,McKiJ.00,M,3.125,5.2375
David Moore,238,SEA,WR,24,14,1,0,0,0,0,0,3,25,8.33,0,34,17,301,17.71,2,2,1,2,,,43.0,59.6,63.6,51.1,,90,,MoorDa03,M,3.0714285714285716,4.257142857142857
Patrick Laird,233,MIA,RB,24,15,4,0,0,0,0,0,62,168,2.71,1,30,23,204,8.87,0,0,0,1,1.0,,45.0,68.2,74.2,56.7,,67,,LairPa00,L,3.0,4.546666666666667
Olabisi Johnson,224,MIN,WR,22,16,6,0,0,0,0,0,1,6,6.0,0,45,31,294,9.48,3,0,0,3,,,48.0,79.0,82.0,63.5,,87,,JohnOl00,J,3.0,4.9375
Jalen Richard,229,OAK,RB,26,16,0,0,0,0,0,0,39,145,3.72,0,43,36,323,8.97,0,2,0,0,,,47.0,82.8,88.8,64.8,,66,,RichJa01,R,2.9375,5.175
Mike Boone,225,MIN,RB,24,16,2,0,0,0,0,0,49,273,5.57,3,4,3,17,5.67,0,0,0,3,,,47.0,50.0,53.0,48.5,,65,,BoonMi00,B,2.9375,3.125
Hayden Hurst,227,BAL,TE,26,16,4,0,0,0,0,0,0,0,,0,39,30,349,11.63,2,0,0,2,,,47.0,76.9,79.9,61.9,,34,,HursHa00,H,2.9375,4.80625
Marquise Goodwin,296,SFO,WR,29,9,6,0,0,0,0,0,1,15,15.0,0,21,12,186,15.5,1,0,0,1,,,26.0,38.1,41.1,32.1,,120,,GoodMa00,G,2.888888888888889,4.233333333333333
Bennie Fowler,317,NYG,WR,28,8,2,0,0,0,0,0,1,20,20.0,0,36,23,193,8.39,0,0,0,0,1.0,,23.0,46.3,49.3,34.8,,130,,FowlBe00,F,2.875,5.7875
Cody Latimer,242,NYG,WR,27,15,10,0,0,0,0,0,0,0,,0,42,24,300,12.5,2,0,0,2,,,42.0,66.0,69.0,54.0,,91,,LatiCo00,L,2.8,4.4
Brandon Bolden,240,NWE,RB,29,15,2,0,0,0,0,0,15,68,4.53,3,11,9,111,12.33,1,0,0,4,,,42.0,50.9,53.9,46.4,,70,,BoldBr00,B,2.8,3.393333333333333
Scott Miller,287,TAM,WR,22,10,2,0,0,0,0,0,2,16,8.0,0,26,13,200,15.38,1,0,0,1,,,28.0,40.6,43.6,34.1,,116,,MillSc01,M,2.8,4.0600000000000005
Tim Patrick,325,DEN,WR,26,8,2,0,0,0,0,0,0,0,,0,31,16,218,13.63,0,0,0,0,,,22.0,37.8,40.8,29.8,,135,,PatrTi00,P,2.75,4.725
Nick Boyle,236,BAL,TE,26,16,15,0,0,0,0,0,0,0,,0,43,31,321,10.35,2,0,0,2,,,44.0,75.1,78.1,59.6,,38,,BoylNi00,B,2.75,4.69375
Jakeem Grant,289,MIA,WR,27,10,2,0,0,0,0,0,4,5,1.25,1,33,19,164,8.63,0,2,1,2,,,27.0,45.9,49.9,36.4,,118,,GranJa00,G,2.7,4.59
Irv Smith Jr.,239,MIN,TE,21,16,7,0,0,0,0,0,0,0,,0,47,36,311,8.64,2,1,0,2,,,43.0,79.1,82.1,61.1,,39,,SmitIr01,S,2.6875,4.94375
Justice Hill,241,BAL,RB,22,16,0,0,0,0,0,0,58,225,3.88,2,15,8,70,8.75,0,0,0,2,,,42.0,49.5,52.5,45.5,,71,,HillJu00,H,2.625,3.09375
Kalif Raymond,330,TEN,WR,25,8,1,0,0,0,0,0,1,-5,-5.0,0,12,9,170,18.89,1,1,1,1,,,21.0,29.5,33.5,25.0,,136,,RaymKa00,R,2.625,3.6875
Kyle Juszczyk,278,SFO,RB,28,12,12,0,0,0,0,0,3,7,2.33,0,24,20,239,11.95,1,0,0,1,,,31.0,50.6,53.6,40.6,,80,,JuszKy00,J,2.5833333333333335,4.216666666666667
Dion Lewis,247,TEN,RB,29,16,1,0,0,0,0,0,54,209,3.87,0,32,25,164,6.56,1,1,1,1,,,41.0,66.3,73.3,53.8,,72,,LewiDi00,L,2.5625,4.14375
Josh Hill,246,NOR,TE,29,16,11,0,0,0,0,0,0,0,,0,35,25,226,9.04,3,0,0,3,,,41.0,65.6,68.6,53.1,,40,,HillJo02,H,2.5625,4.1
Geronimo Allison,245,GNB,WR,25,16,6,0,0,0,0,0,1,7,7.0,0,55,34,287,8.44,2,2,1,2,1.0,,41.0,75.4,79.4,58.4,,92,,AlliGe01,A,2.5625,4.7125
Josh Reynolds,248,LAR,WR,24,16,2,0,0,0,0,0,5,23,4.6,0,43,21,326,15.52,1,0,0,1,,,41.0,61.9,64.9,51.4,,93,,ReynJo00,R,2.5625,3.86875
Dare Ogunbowale,251,TAM,RB,25,16,0,0,0,0,0,0,11,17,1.55,2,46,35,286,8.17,0,2,1,2,,,40.0,75.3,79.3,57.8,,73,,OgunDa00,O,2.5,4.70625
Chester Rogers,282,IND,WR,25,12,6,0,0,0,0,0,1,18,18.0,0,28,16,179,11.19,2,2,1,2,,,30.0,45.7,49.7,37.7,,111,,RogeCh02,R,2.5,3.8083333333333336
KeeSean Johnson,305,ARI,WR,23,10,4,0,0,0,0,0,1,3,3.0,0,42,21,187,8.9,1,1,1,1,1.0,,25.0,46.0,50.0,35.5,,124,,JohnKe07,J,2.5,4.6
Vyncint Smith,274,NYJ,WR,23,13,4,0,0,0,0,0,3,52,17.33,1,31,17,225,13.24,0,1,1,1,,,32.0,48.7,52.7,40.2,,107,,SmitVy00,S,2.4615384615384617,3.746153846153846
Seth Roberts,252,BAL,WR,28,16,0,0,0,0,0,0,0,0,,0,35,21,271,12.9,2,0,0,2,,,39.0,60.1,63.1,49.6,,96,,RobeSe00,R,2.4375,3.75625
Tavon Austin,268,DAL,WR,29,14,0,0,0,0,0,0,6,47,7.83,1,24,13,177,13.62,1,1,0,2,,,34.0,47.4,50.4,40.9,,103,,AustTa00,A,2.4285714285714284,3.3857142857142857
Jakobi Meyers,264,NWE,WR,23,15,1,0,0,0,0,0,0,0,,0,41,26,359,13.81,0,0,0,0,,,36.0,61.9,64.9,48.9,,101,,MeyeJa01,M,2.4,4.126666666666667
Olamide Zaccheaus,313,ATL,WR,22,10,0,0,0,0,0,0,0,0,,0,5,3,115,38.33,1,0,0,2,,,24.0,26.5,29.5,25.0,,129,,ZaccOl01,Z,2.4,2.65
Isaiah McKenzie,263,BUF,WR,24,15,8,0,0,0,0,0,8,49,6.13,0,39,27,254,9.41,1,0,0,1,,,36.0,63.3,66.3,49.8,,100,,McKeIs00,M,2.4,4.22
Pharoh Cooper,276,2TM,WR,24,13,1,0,0,0,0,0,1,2,2.0,0,33,25,243,9.72,1,0,0,1,,,31.0,55.5,58.5,43.0,,109,,CoopPh00,C,2.3846153846153846,4.269230769230769
Giovani Bernard,254,CIN,RB,28,16,2,0,0,0,0,0,53,170,3.21,0,43,30,234,7.8,0,2,1,0,,,38.0,68.4,75.4,53.4,,74,,BernGi00,B,2.375,4.275
Miles Boykin,255,BAL,WR,23,16,11,0,0,0,0,0,0,0,,0,22,13,198,15.23,3,0,0,3,,,38.0,50.8,53.8,44.3,,97,,BoykMi00,B,2.375,3.175
Demetrius Harris,266,CLE,TE,28,15,6,0,0,0,0,0,0,0,,0,27,15,149,9.93,3,0,0,3,1.0,,35.0,49.9,52.9,42.4,,42,,HarrDe03,H,2.3333333333333335,3.3266666666666667
Ryquell Armstead,257,JAX,RB,23,16,1,0,0,0,0,0,35,108,3.09,0,24,14,144,10.29,2,0,0,2,,,37.0,51.2,57.2,44.2,,76,,ArmsRy00,A,2.3125,3.2
Kelvin Harmon,259,WAS,WR,23,16,8,1,1,11,0,0,0,0,,0,44,30,365,12.17,0,0,0,0,,,37.0,66.9,69.9,51.9,,98,,HarmKe00,H,2.3125,4.18125
Rhett Ellison,316,NYG,TE,31,10,7,0,0,0,0,0,0,0,,0,28,18,167,9.28,1,0,0,1,,,23.0,40.7,43.7,31.7,,51,,ElliRh00,E,2.3,4.07
Jaron Brown,273,SEA,WR,29,14,4,0,0,0,0,0,0,0,,0,28,16,220,13.75,2,1,1,2,,,32.0,48.0,52.0,40.0,,105,,BrowJa03,B,2.2857142857142856,3.4285714285714284
Ty Johnson,262,DET,RB,22,16,1,0,0,0,0,0,63,273,4.33,0,31,24,109,4.54,0,1,1,0,,,36.0,60.2,67.2,48.2,,78,,JohnTy02,J,2.25,3.7625
DaeSean Hamilton,261,DEN,WR,24,16,2,0,0,0,0,0,0,0,,0,52,28,297,10.61,1,0,0,1,,,36.0,63.7,66.7,49.7,,102,,HamiDa01,H,2.25,3.98125
C.J. Uzomah,265,CIN,TE,26,16,16,0,0,0,0,0,0,0,,0,40,27,242,8.96,2,0,0,2,,,36.0,63.2,66.2,49.7,,41,,UzomC.00,U,2.25,3.95
Dante Pettis,311,SFO,WR,24,11,4,1,1,16,0,0,0,0,,0,24,11,109,9.91,2,0,0,2,,,24.0,34.5,37.5,29.0,,128,,PettDa00,P,2.1818181818181817,3.1363636363636362
Trey Quinn,300,WAS,WR,24,12,6,0,0,0,0,0,0,0,,0,47,26,198,7.62,1,1,1,1,1.0,,26.0,51.8,55.8,38.8,,122,,QuinTr00,Q,2.1666666666666665,4.316666666666666
C.J. Prosise,339,SEA,RB,25,9,0,0,0,0,0,0,23,72,3.13,1,12,10,76,7.6,0,1,1,1,,,19.0,28.8,29.8,23.8,,93,,ProsC.00,P,2.111111111111111,3.2
Malik Turner,279,SEA,WR,23,15,3,0,0,0,0,0,0,0,,0,22,15,245,16.33,1,0,0,1,,,31.0,45.5,48.5,38.0,,110,,TurnMa00,T,2.066666666666667,3.033333333333333
Bilal Powell,299,NYJ,RB,31,13,1,0,1,0,0,0,59,229,3.88,0,12,7,33,4.71,0,0,0,0,,,26.0,33.2,36.2,29.7,,83,,PoweBi00,P,2.0,2.553846153846154
Damion Ratley,301,CLE,WR,24,13,3,0,0,0,0,0,0,0,,0,24,12,200,16.67,1,0,0,1,,,26.0,38.0,41.0,32.0,,121,,RatlDa00,R,2.0,2.923076923076923
Jake Kumerow,286,GNB,WR,27,14,4,0,0,0,0,0,0,0,,0,21,12,219,18.25,1,0,0,1,,,28.0,39.9,42.9,33.9,,115,,KumeJa00,K,2.0,2.85
Charles Clay,280,ARI,TE,30,15,10,0,0,0,0,0,0,0,,0,24,18,237,13.17,1,0,0,1,,,30.0,47.7,50.7,38.7,,45,,ClayCh00,C,2.0,3.18
Darwin Thompson,319,KAN,RB,23,12,0,0,0,0,0,0,37,128,3.46,1,10,9,43,4.78,0,0,0,1,,,23.0,32.1,35.1,27.6,,89,,ThomDa06,T,1.9166666666666667,2.6750000000000003
Jeremy Sprinkle,283,WAS,TE,25,16,13,0,0,0,0,0,0,0,,0,40,26,241,9.27,1,1,0,1,,,30.0,56.1,59.1,43.1,,44,,SpriJe00,S,1.875,3.50625
Dontrell Hilliard,297,CLE,RB,24,14,0,0,0,0,0,0,13,49,3.77,2,15,12,92,7.67,0,2,0,2,,,26.0,38.1,38.1,32.1,,84,,HillDo00,H,1.8571428571428572,2.7214285714285715
Laquon Treadwell,312,MIN,WR,24,13,1,0,0,0,0,0,0,0,,0,16,9,184,20.44,1,0,0,1,,,24.0,33.4,36.4,28.9,,127,,TreaLa00,T,1.8461538461538463,2.569230769230769
Jarius Wright,284,CAR,WR,30,16,9,0,0,0,0,0,1,-7,-7.0,0,58,28,296,10.57,0,0,0,0,,,29.0,56.9,59.9,42.9,,112,,WrigJa02,W,1.8125,3.55625
Justin Watson,288,TAM,WR,24,16,2,0,0,0,0,0,0,0,,0,26,15,159,10.6,2,0,0,2,,,28.0,42.9,45.9,35.4,,114,,WatsJu01,W,1.75,2.68125
Andy Isabella,298,ARI,WR,23,15,1,0,0,0,0,0,4,15,3.75,0,13,9,189,21.0,1,0,0,1,,,26.0,35.4,38.4,30.9,,119,,IsabAn00,I,1.7333333333333334,2.36
Anthony Firkser,294,TEN,TE,24,15,1,0,0,0,0,0,0,0,,0,24,14,204,14.57,1,0,0,1,,,26.0,40.4,43.4,33.4,,47,,FirkAn00,F,1.7333333333333334,2.6933333333333334
Matt LaCosse,337,NWE,TE,27,11,8,0,0,0,0,0,0,0,,0,19,13,131,10.08,1,0,0,1,,,19.0,32.1,35.1,25.6,,57,,LaCoMa00,L,1.7272727272727273,2.9181818181818184
Ben Watson,352,NWE,TE,39,10,8,0,0,0,0,0,0,0,,0,24,17,173,10.18,0,0,0,0,,,17.0,34.3,37.3,25.8,,61,,WatsBe00,W,1.7,3.4299999999999997
Keelan Doss,368,OAK,WR,23,8,2,0,0,0,0,0,0,0,,0,14,11,133,12.09,0,0,0,0,,,13.0,24.3,27.3,18.8,,144,,DossKe00,D,1.625,3.0375
Maxx Williams,302,ARI,TE,25,16,10,0,0,0,0,0,0,0,,0,19,15,202,13.47,1,0,0,1,,,26.0,41.2,44.2,33.7,,48,,WillMa04,W,1.625,2.575
Javon Wims,308,CHI,WR,25,16,6,0,0,0,0,0,0,0,,0,39,18,186,10.33,1,0,0,1,,,25.0,42.6,45.6,33.6,,126,,WimsJa00,W,1.5625,2.6625
Cordarrelle Patterson,306,CHI,WR,28,16,4,0,0,0,0,0,17,103,6.06,0,17,11,83,7.55,0,0,0,1,,,25.0,35.6,38.6,30.1,,125,,PattCo00,P,1.5625,2.225
Ameer Abdullah,309,MIN,RB,26,16,0,0,0,0,0,0,23,115,5.0,0,21,15,88,5.87,1,1,1,1,,,24.0,39.3,43.3,31.8,,87,,AbduAm00,A,1.5,2.45625
Zay Jones,323,2TM,WR,24,15,9,0,0,0,0,0,1,3,3.0,0,45,27,216,8.0,0,0,0,0,,,22.0,48.9,51.9,35.4,,134,,JoneZa00,J,1.4666666666666666,3.26
Robert Tonyan,357,GNB,TE,25,11,1,0,0,0,0,0,0,0,,0,15,10,100,10.0,1,0,0,1,,,16.0,26.0,29.0,21.0,,65,,TonyRo00,T,1.4545454545454546,2.3636363636363638
Hale Hentges,356,WAS,TE,23,11,4,0,0,0,0,0,0,0,,0,14,8,103,12.88,1,0,0,1,,,16.0,24.3,27.3,20.3,,64,,HentHa00,H,1.4545454545454546,2.209090909090909
Reggie Bonnafon,315,CAR,RB,23,16,0,0,0,0,0,0,16,116,7.25,1,9,6,57,9.5,0,0,0,1,,,23.0,29.3,32.3,26.3,,88,,BonnRe00,B,1.4375,1.83125
Byron Pringle,318,KAN,WR,26,16,0,0,0,0,0,0,0,0,,0,16,12,170,14.17,1,0,0,1,,,23.0,35.0,38.0,29.0,,131,,PrinBy00,P,1.4375,2.1875
JJ Arcega-Whiteside,314,PHI,WR,23,16,5,0,0,0,0,0,0,0,,0,22,10,169,16.9,1,0,0,1,,,23.0,32.9,35.9,27.9,,132,,ArceJJ00,A,1.4375,2.05625
Logan Thomas,320,DET,TE,28,16,3,0,0,0,0,0,0,0,,0,28,16,173,10.81,1,0,0,1,,,23.0,39.3,42.3,31.3,,50,,ThomLo00,T,1.4375,2.45625
Trevor Davis,333,3TM,WR,26,14,4,0,0,0,0,0,4,73,18.25,1,11,8,111,13.88,0,3,2,1,,,20.0,28.4,33.4,24.4,,137,,DaviTr03,D,1.4285714285714286,2.0285714285714285
Nick O'Leary,349,2TM,TE,27,12,5,0,0,0,0,0,0,0,,0,18,13,109,8.38,1,1,0,1,,,17.0,29.9,32.9,23.4,,62,,OLeaNi00,O,1.4166666666666667,2.4916666666666667
Darrell Henderson,341,LAR,RB,22,13,0,0,0,0,0,0,39,147,3.77,0,6,4,37,9.25,0,0,0,0,,,18.0,22.4,25.4,20.4,,94,,HendDa00,H,1.3846153846153846,1.723076923076923
Brandon Zylstra,384,CAR,WR,26,8,0,0,0,0,0,0,0,0,,0,12,8,106,13.25,0,1,0,0,,,11.0,18.6,21.6,14.6,,150,,ZylsBr00,Z,1.375,2.325
Marcedes Lewis,324,GNB,TE,35,16,11,0,0,0,0,0,0,0,,0,19,15,156,10.4,1,0,0,1,,,22.0,36.6,39.6,29.1,,52,,LewiMa00,L,1.375,2.2875
C.J. Ham,328,MIN,RB,26,16,7,0,0,0,0,0,7,17,2.43,0,26,17,149,8.76,1,1,1,1,,,21.0,37.6,41.6,29.1,,91,,HamxC.00,H,1.3125,2.35
Jaeden Graham,327,ATL,TE,24,16,0,0,0,0,0,0,0,0,,0,10,9,149,16.56,1,0,0,1,,,21.0,29.9,32.9,25.4,,54,,GrahJa01,G,1.3125,1.86875
Ross Dwelley,326,SFO,TE,24,16,6,0,0,0,0,0,0,0,,0,22,15,91,6.07,2,0,0,2,,,21.0,36.1,36.1,28.6,,53,,DwelRo00,D,1.3125,2.25625
Trey Edmunds,363,PIT,RB,25,11,0,0,0,0,0,0,22,92,4.18,0,7,6,48,8.0,0,0,0,0,,,14.0,20.0,20.0,17.0,,100,,EdmuTr00,E,1.2727272727272727,1.8181818181818181
Ian Thomas,336,CAR,TE,23,16,3,0,0,0,0,0,0,0,,0,30,16,136,8.5,1,0,0,1,,,20.0,35.6,38.6,27.6,,55,,ThomIa00,T,1.25,2.225
Richie James,335,SFO,WR,24,16,1,0,0,0,0,0,2,-1,-0.5,0,10,6,165,27.5,1,1,1,1,,,20.0,26.4,30.4,23.4,,138,,JameRi00,J,1.25,1.65
Justin Hardy,334,ATL,WR,28,16,1,0,0,0,0,0,0,0,,0,26,19,195,10.26,0,0,0,0,,,20.0,38.5,41.5,29.0,,140,,HardJu00,H,1.25,2.40625
Derek Carrier,332,OAK,TE,29,16,4,0,0,0,0,0,1,27,27.0,0,19,13,108,8.31,1,0,0,1,,,20.0,32.5,35.5,26.0,,56,,CarrDe00,C,1.25,2.03125
Stephen Carlson,381,CLE,TE,23,9,5,0,0,0,0,0,0,0,,0,7,5,51,10.2,1,0,0,1,,,11.0,16.1,16.1,13.6,,76,,CarlSt00,C,1.2222222222222223,1.788888888888889
Jeff Heuerman,344,DEN,TE,27,14,11,0,0,0,0,0,0,0,,0,20,14,114,8.14,1,0,0,1,,,17.0,31.4,34.4,24.4,,60,,HeueJe00,H,1.2142857142857142,2.242857142857143
Rashard Higgins,378,CLE,WR,25,10,1,0,0,0,0,0,0,0,,0,11,4,55,13.75,1,0,0,1,,,12.0,15.5,15.5,13.5,,149,,HiggRa00,H,1.2,1.55
Ty Montgomery,338,NYJ,RB,26,16,2,0,0,0,0,0,32,103,3.22,0,17,13,90,6.92,0,0,0,0,,,19.0,32.3,35.3,25.8,,92,,MontTy01,M,1.1875,2.01875
Tyler Kroft,372,BUF,TE,27,11,3,0,0,0,0,0,0,0,,0,14,6,71,11.83,1,0,0,1,,,13.0,19.1,19.1,16.1,,72,,KrofTy00,K,1.1818181818181819,1.7363636363636366
Seth Devalve,362,JAX,TE,26,12,6,0,0,0,0,0,0,0,,0,18,12,140,11.67,0,0,0,0,,,14.0,26.0,29.0,20.0,,69,,DevaSe00,D,1.1666666666666667,2.1666666666666665
Javorius Allen,380,NYG,RB,28,10,0,0,0,0,0,0,10,36,3.6,1,2,1,9,9.0,0,0,0,1,,,11.0,11.5,11.5,11.0,,104,,AlleJa01,A,1.1,1.15
Ben Braunecker,375,CHI,TE,25,11,3,0,0,0,0,0,0,0,,0,11,6,59,9.83,1,0,0,1,,,12.0,17.9,17.9,14.9,,74,,BrauBe00,B,1.0909090909090908,1.6272727272727272
Nick Vannett,351,2TM,TE,26,16,7,0,0,0,0,0,0,0,,0,22,17,166,9.76,0,0,0,0,,,17.0,33.6,36.6,25.1,,63,,VannNi00,V,1.0625,2.1
Travis Homer,345,SEA,RB,21,16,1,0,0,0,0,0,18,114,6.33,0,13,11,56,5.09,0,0,0,0,,,17.0,28.0,31.0,22.5,,95,,HomeTr00,H,1.0625,1.75
Trey Burton,408,CHI,TE,28,8,5,0,0,0,0,0,0,0,,0,24,14,84,6.0,0,0,0,0,,,8.0,22.4,22.4,15.4,,82,,BurtTr01,B,1.0,2.8
Luke Willson,412,SEA,TE,29,8,7,0,0,0,0,0,0,0,,0,10,8,79,9.88,0,0,0,0,,,8.0,15.9,15.9,11.9,,83,,WillLu00,W,1.0,1.9875
Christian Blake,397,ATL,WR,23,9,3,0,0,0,0,0,0,0,,0,24,11,91,8.27,0,0,0,0,,,9.0,20.1,20.1,14.6,,157,,BlakCh00,B,1.0,2.2333333333333334
Wendell Smallwood,360,WAS,RB,25,15,0,0,0,0,0,0,22,81,3.68,0,13,9,64,7.11,0,0,0,0,,,15.0,23.5,23.5,19.0,,98,,SmalWe00,S,1.0,1.5666666666666667
Andrew Beck,354,DEN,RB,23,16,6,1,1,6,0,0,1,3,3.0,0,12,9,90,10.0,1,0,0,1,,,16.0,24.5,24.5,20.0,,97,,BeckAn01,B,1.0,1.53125
MyCole Pruitt,359,TEN,TE,27,16,10,0,0,0,0,0,0,0,,0,8,6,90,15.0,1,0,0,1,,,15.0,21.0,21.0,18.0,,66,,PruiMy00,P,0.9375,1.3125
Virgil Green,364,LAC,TE,31,15,4,0,0,0,0,0,0,0,,0,13,9,78,8.67,1,0,0,1,,,14.0,22.8,22.8,18.3,,70,,GreeVi00,G,0.9333333333333333,1.52
Deon Cain,377,2TM,WR,23,13,6,0,0,0,0,0,0,0,,0,20,9,124,13.78,0,0,0,0,,,12.0,21.4,24.4,16.9,,147,,CainDe00,C,0.9230769230769231,1.646153846153846
Marcell Ateman,385,OAK,WR,25,11,0,0,0,0,0,0,0,0,,0,10,5,116,23.2,0,1,1,0,,,10.0,14.6,18.6,12.1,,153,,AtemMa00,A,0.9090909090909091,1.3272727272727272
Troy Fumagalli,387,DEN,TE,24,11,5,0,0,0,0,0,0,0,,0,9,6,38,6.33,1,0,0,1,,,10.0,15.8,15.8,12.8,,78,,FumaTr00,F,0.9090909090909091,1.4363636363636365
Adam Shaheen,421,CHI,TE,25,8,2,0,0,0,0,0,0,0,,0,13,9,74,8.22,0,1,1,0,1.0,,7.0,16.4,17.4,11.9,,84,,ShahAd00,S,0.875,2.05
Jesse James,366,DET,TE,25,16,11,0,0,0,0,0,0,0,,0,27,16,142,8.88,0,0,0,0,,,14.0,30.2,33.2,22.2,,68,,JameJe00,J,0.875,1.8875
DeAndre Carter,361,HOU,WR,26,16,3,0,0,0,0,0,0,0,,0,14,11,162,14.73,0,2,1,0,,,14.0,25.2,29.2,19.7,,143,,CartDe02,C,0.875,1.575
Mack Hollins,370,2TM,WR,26,16,3,0,0,0,0,0,0,0,,0,23,10,125,12.5,0,0,0,0,,,13.0,22.5,25.5,17.5,,146,,HollMa00,H,0.8125,1.40625
Daniel Brown,367,NYJ,TE,27,16,5,0,0,0,0,0,0,0,,0,11,7,72,10.29,1,0,0,1,,,13.0,20.2,20.2,16.7,,71,,BrowDa04,B,0.8125,1.2625
Damion Willis,411,CIN,WR,22,10,2,0,0,0,0,0,0,0,,0,16,9,82,9.11,0,0,0,0,,,8.0,17.2,17.2,12.7,,159,,WillDa11,W,0.8,1.72
Alec Ingold,379,OAK,RB,23,16,4,0,0,0,0,0,10,17,1.7,0,6,6,44,7.33,1,0,0,1,,,12.0,18.1,18.1,15.1,,102,,IngoAl01,I,0.75,1.13125
Tyrod Taylor,433,LAC,QB,30,8,0,4,6,33,1,0,10,7,0.7,0,1,0,0,,0,0,0,0,,,6.0,6.0,6.0,6.0,,56,,TaylTy00,T,0.75,0.75
Deonte Harris,388,NOR,WR,22,14,1,0,0,0,0,0,4,31,7.75,0,6,6,24,4.0,0,3,1,1,,,10.0,15.5,16.5,12.5,,154,,HarrDe07,H,0.7142857142857143,1.1071428571428572
Robert Foster,400,BUF,WR,25,13,2,0,0,0,0,0,2,29,14.5,0,18,3,64,21.33,0,0,0,0,,,9.0,12.3,12.3,10.8,,156,,FostRo01,F,0.6923076923076923,0.9461538461538462
Ventell Bryant,407,DAL,WR,23,12,0,0,0,0,0,0,0,0,,0,1,1,15,15.0,1,0,0,1,,,8.0,8.5,8.5,8.0,,162,,BryaVe00,B,0.6666666666666666,0.7083333333333334
Danny Vitale,393,GNB,RB,26,15,4,0,0,0,0,0,1,3,3.0,0,12,7,97,13.86,0,0,0,0,,,10.0,17.0,17.0,13.5,,107,,VitaDa00,V,0.6666666666666666,1.1333333333333333
Kenjon Barner,396,ATL,RB,29,14,0,1,1,3,0,0,4,28,7.0,0,8,6,22,3.67,0,4,1,1,,,9.0,15.1,16.1,12.1,,110,,BarnKe00,B,0.6428571428571429,1.0785714285714285
Derek Watt,394,LAC,RB,27,16,2,0,0,0,0,0,7,10,1.43,1,5,3,32,10.67,0,0,0,1,,,10.0,13.2,13.2,11.7,,106,,WattDe00,W,0.625,0.825
Braxton Berrios,386,NYJ,WR,24,16,0,0,0,0,0,0,0,0,,0,13,6,115,19.17,0,1,1,0,,,10.0,15.5,19.5,12.5,,155,,BerrBr00,B,0.625,0.96875
J.P. Holtz,401,2TM,TE,26,15,7,0,0,0,0,0,0,0,,0,8,7,91,13.0,0,0,0,0,,,9.0,16.1,16.1,12.6,,81,,HoltJ.01,H,0.6,1.0733333333333335
Nick Bellore,406,SEA,RB,30,14,1,0,0,0,0,0,0,0,,0,2,2,23,11.5,1,0,0,1,,,8.0,10.3,10.3,9.3,,111,,BellNi01,B,0.5714285714285714,0.7357142857142858
D'Ernest Johnson,402,CLE,RB,23,16,0,0,0,0,0,0,4,21,5.25,0,7,6,71,11.83,0,0,0,0,,,9.0,15.2,15.2,12.2,,109,,JohnDE04,J,0.5625,0.95
Lee Smith,404,BUF,TE,32,16,5,0,0,0,0,0,0,0,,0,5,4,31,7.75,1,0,0,1,,,9.0,13.1,13.1,11.1,,80,,SmitLe00,S,0.5625,0.81875
Mo Alie-Cox,395,IND,TE,26,16,2,0,0,0,0,0,0,0,,0,11,8,93,11.63,0,0,0,0,,,9.0,17.3,17.3,13.3,,79,,AlieMo00,A,0.5625,1.08125
Deon Yelder,449,KAN,TE,24,9,1,0,0,0,0,0,0,0,,0,4,3,50,16.67,0,0,0,0,,,5.0,8.0,8.0,6.5,,91,,YeldDe00,Y,0.5555555555555556,0.8888888888888888
KhaDarel Hodge,409,CLE,WR,24,16,1,0,0,0,0,0,0,0,,0,10,4,76,19.0,0,0,0,0,,,8.0,11.6,11.6,9.6,,161,,HodgKh00,H,0.5,0.725
Zach Line,431,NOR,RB,29,12,2,0,0,0,0,0,7,20,2.86,0,10,6,36,6.0,0,0,0,0,,,6.0,11.6,11.6,8.6,,119,,LineZa01,L,0.5,0.9666666666666667
DeAndrew White,447,CAR,WR,28,10,0,0,0,0,0,0,0,0,,0,9,4,51,12.75,0,0,0,0,,,5.0,9.1,9.1,7.1,,169,,WhitDe01,W,0.5,0.9099999999999999
Troymaine Pope,419,LAC,RB,26,14,0,0,0,0,0,0,10,20,2.0,0,3,2,14,7.0,1,1,1,1,,,7.0,9.4,10.4,8.4,,113,,PopeTr00,P,0.5,0.6714285714285715
Trent Sherfield,410,ARI,WR,23,16,1,0,0,0,0,0,0,0,,0,13,4,80,20.0,0,0,0,0,,,8.0,12.0,12.0,10.0,,160,,SherTr00,S,0.5,0.75
Alex Armah,405,CAR,RB,25,16,1,0,0,0,0,0,6,11,1.83,1,2,2,6,3.0,0,0,0,1,,,8.0,9.7,9.7,8.7,,112,,ArmaAl00,A,0.5,0.60625
Devine Ozigbo,443,JAX,RB,23,10,0,0,0,0,0,0,9,27,3.0,0,5,3,23,7.67,0,0,0,0,,,5.0,8.0,8.0,6.5,,122,,OzigDe01,O,0.5,0.8
Blake Bell,414,KAN,TE,28,15,7,0,0,0,0,0,0,0,,0,15,8,67,8.38,0,0,0,0,,,7.0,14.7,14.7,10.7,,85,,BellBl00,B,0.4666666666666667,0.98
Cethan Carter,417,CIN,RB,24,15,0,0,0,0,0,0,0,0,,0,3,2,13,6.5,1,0,0,1,,,7.0,9.3,9.3,8.3,,115,,CartCe00,C,0.4666666666666667,0.62
Andre Patton,432,LAC,WR,25,13,5,0,0,0,0,0,0,0,,0,17,6,56,9.33,0,0,0,0,,,6.0,11.6,11.6,8.6,,168,,PattAn00,P,0.46153846153846156,0.8923076923076922
Taiwan Jones,441,HOU,RB,31,11,0,0,0,0,0,0,9,40,4.44,0,1,1,9,9.0,0,0,0,0,,,5.0,5.9,5.9,5.4,,124,,JoneTa00,J,0.45454545454545453,0.5363636363636364
Devontae Booker,415,DEN,RB,27,16,0,0,0,0,0,0,2,9,4.5,0,9,6,57,9.5,0,0,0,0,,,7.0,12.6,12.6,9.6,,118,,BookDe00,B,0.4375,0.7875
Dwayne Washington,425,NOR,RB,25,16,0,0,0,0,0,0,8,60,7.5,0,1,1,6,6.0,0,0,0,0,,,7.0,7.6,7.6,7.1,,116,,WashDw00,W,0.4375,0.475
Durham Smythe,422,MIA,TE,24,16,14,0,0,0,0,0,0,0,,0,14,7,65,9.29,0,0,0,0,,,7.0,13.5,13.5,10.0,,86,,SmytDu00,S,0.4375,0.84375
Mike Davis,437,2TM,RB,26,12,1,0,0,0,0,0,13,27,2.08,0,8,7,22,3.14,0,0,0,0,,,5.0,11.9,11.9,8.4,,123,,DaviMi01,D,0.4166666666666667,0.9916666666666667
Lance Kendricks,442,LAC,TE,31,12,1,0,0,0,0,0,0,0,,0,7,3,50,16.67,0,0,0,0,,,5.0,8.0,8.0,6.5,,92,,KendLa00,K,0.4166666666666667,0.6666666666666666
Tyler Conklin,427,MIN,TE,24,15,1,0,0,0,0,0,0,0,,0,10,8,58,7.25,0,0,0,0,,,6.0,13.8,13.8,9.8,,89,,ConkTy00,C,0.4,0.92
Jason Moore,455,LAC,WR,24,10,0,0,0,0,0,0,0,0,,0,5,2,43,21.5,0,0,0,0,,,4.0,6.3,6.3,5.3,,173,,MoorJa02,M,0.4,0.63
Ryan Switzer,476,PIT,WR,25,9,0,0,0,0,0,0,0,0,,0,11,8,27,3.38,0,1,0,0,,,3.0,10.7,10.7,6.7,,186,,SwitRy00,S,0.3333333333333333,1.1888888888888889
Drew Sample,471,CIN,TE,23,9,2,0,0,0,0,0,0,0,,0,6,5,30,6.0,0,0,0,0,,,3.0,8.0,8.0,5.5,,95,,SampDr00,S,0.3333333333333333,0.8888888888888888
Tanner Hudson,465,TAM,TE,25,9,1,0,0,0,0,0,0,0,,0,5,2,26,13.0,0,0,0,0,,,3.0,4.6,4.6,3.6,,97,,HudsTa00,H,0.3333333333333333,0.5111111111111111
Pharaoh Brown,460,CLE,TE,25,9,6,0,0,0,0,0,0,0,,0,3,2,27,13.5,0,0,0,0,,,3.0,4.7,4.7,3.7,,96,,BrowPh01,B,0.3333333333333333,0.5222222222222223
Luke Stocker,445,ATL,TE,31,15,9,0,0,0,0,0,0,0,,0,14,8,53,6.63,0,1,0,0,,,5.0,13.3,13.3,9.3,,90,,StocLu00,S,0.3333333333333333,0.8866666666666667
Trevon Wesco,446,NYJ,TE,24,16,1,0,0,0,0,0,1,2,2.0,0,3,2,47,23.5,0,0,0,0,,,5.0,6.9,6.9,5.9,,93,,WescTr00,W,0.3125,0.43125
Elijhaa Penny,444,NYG,RB,26,16,1,0,0,0,0,0,15,39,2.6,0,4,2,9,4.5,0,0,0,0,,,5.0,6.8,6.8,5.8,,126,,PennEl00,P,0.3125,0.425
Patrick DiMarco,438,BUF,RB,30,16,4,0,0,0,0,0,3,7,2.33,0,7,5,41,8.2,0,0,0,0,,,5.0,9.8,9.8,7.3,,125,,DiMaPa00,D,0.3125,0.6125
Darius Jennings,486,TEN,WR,27,8,0,0,0,0,0,0,0,0,,0,5,2,17,8.5,0,0,0,0,,,2.0,3.7,3.7,2.7,,198,,JennDa00,J,0.25,0.4625
Donte Moncrief,489,2TM,WR,26,8,2,0,0,0,0,0,0,0,,0,15,4,18,4.5,0,0,0,0,,,2.0,5.8,5.8,3.8,,194,,MoncDo00,M,0.25,0.725
Johnny Mundt,469,LAR,TE,25,13,2,0,0,0,0,0,0,0,,0,7,4,26,6.5,0,0,0,0,,,3.0,6.6,6.6,4.6,,98,,MundJo00,M,0.23076923076923078,0.5076923076923077
Andre Roberts,470,BUF,WR,31,13,0,0,0,0,0,0,1,7,7.0,0,7,3,20,6.67,0,1,0,0,,,3.0,5.7,5.7,4.2,,187,,RobeAn00,R,0.23076923076923078,0.43846153846153846
Nick Bawden,478,DET,RB,23,10,2,0,0,0,0,0,0,0,,0,6,4,17,4.25,0,0,0,0,,,2.0,5.7,5.7,3.7,,135,,BawdNi00,B,0.2,0.5700000000000001
Tyler Ervin,485,2TM,RB,26,10,0,0,0,0,0,0,1,10,10.0,0,4,2,11,5.5,0,2,0,0,,,2.0,4.1,4.1,3.1,,133,,ErviTy00,E,0.2,0.41
Johnny Holton,464,PIT,WR,28,16,3,0,0,0,0,0,1,9,9.0,0,15,3,21,7.0,0,0,0,0,,,3.0,6.0,6.0,4.5,,182,,HoltJo00,H,0.1875,0.375
Anthony Sherman,474,KAN,RB,31,16,0,0,0,0,0,0,4,9,2.25,0,3,2,22,11.0,0,0,0,0,,,3.0,5.1,5.1,4.1,,129,,SherAn00,S,0.1875,0.31875
Cody Core,461,NYG,WR,25,16,0,0,0,0,0,0,0,0,,0,5,3,28,9.33,0,0,0,0,,,3.0,5.8,5.8,4.3,,183,,CoreCo00,C,0.1875,0.3625
Stanley Morgan Jr.,491,CIN,WR,23,11,0,0,0,0,0,0,0,0,,0,10,3,18,6.0,0,0,0,0,,,2.0,4.8,4.8,3.3,,195,,MorgSt02,M,0.18181818181818182,0.43636363636363634
T.J. Logan,488,TAM,RB,25,12,0,0,0,0,0,0,3,10,3.33,0,3,2,13,6.5,0,0,0,0,,,2.0,4.3,4.3,3.3,,132,,LogaT.00,L,0.16666666666666666,0.35833333333333334
Fred Brown,480,DEN,WR,26,13,1,0,0,0,0,0,0,0,,0,3,2,21,10.5,0,1,0,0,,,2.0,4.1,4.1,3.1,,191,,BrowFr01,B,0.15384615384615385,0.3153846153846154
Ashton Dulin,484,IND,WR,22,13,0,0,0,0,0,0,0,0,,0,2,2,17,8.5,0,0,0,0,,,2.0,3.7,3.7,2.7,,196,,DuliAs00,D,0.15384615384615385,0.2846153846153846
Chris Moore,490,BAL,WR,26,14,1,0,0,0,0,0,1,0,0.0,0,5,3,21,7.0,0,0,0,0,,,2.0,5.1,5.1,3.6,,190,,MoorCh00,M,0.14285714285714285,0.36428571428571427
Keith Smith,495,ATL,RB,27,16,5,0,0,0,0,0,5,8,1.6,0,3,1,13,13.0,0,0,0,0,,,2.0,3.1,3.1,2.6,,134,,SmitKe03,S,0.125,0.19375
Diontae Spencer,496,DEN,WR,27,16,2,0,0,0,0,0,3,6,2.0,0,8,6,31,5.17,0,3,1,0,,,2.0,7.7,8.7,4.7,,199,,SpenDi00,S,0.125,0.48125
Antony Auclair,500,TAM,TE,26,8,5,0,0,0,0,0,0,0,,0,3,1,11,11.0,0,0,0,0,,,1.0,2.1,2.1,1.6,,104,,AuclAn00,A,0.125,0.2625
Ryan Nall,520,CHI,RB,24,8,0,0,0,0,0,0,2,8,4.0,0,0,0,0,,0,0,0,0,,,1.0,0.8,0.8,0.8,,146,,NallRy00,N,0.125,0.1
Gunner Olszewski,522,NWE,WR,23,8,0,0,0,0,0,0,0,0,,0,4,2,34,17.0,0,1,1,0,,,1.0,3.4,4.4,2.4,,203,,OlszGu00,O,0.125,0.425
De'Lance Turner,534,MIA,RB,24,8,0,0,0,0,0,0,4,6,1.5,0,0,0,0,,0,0,0,0,,,1.0,0.6,0.6,0.6,,148,,TurnDe01,T,0.125,0.075
Jordan Scarlett,524,CAR,RB,23,9,0,0,0,0,0,0,4,9,2.25,0,0,0,0,,0,0,0,0,,,1.0,0.9,0.9,0.9,,142,,ScarJo00,S,0.1111111111111111,0.1
Ben Koyack,517,JAX,TE,26,11,6,0,0,0,0,0,0,0,,0,3,1,9,9.0,0,0,0,0,,,1.0,1.9,1.9,1.4,,107,,KoyaBe00,K,0.09090909090909091,0.17272727272727273
Levine Toilolo,533,SFO,TE,28,13,0,0,0,0,0,0,0,0,,0,2,2,10,5.0,0,0,0,0,,,1.0,3.0,3.0,2.0,,106,,ToilLe00,T,0.07692307692307693,0.23076923076923078
De'Anthony Thomas,530,2TM,WR,26,14,0,0,0,0,0,0,2,5,2.5,0,2,1,6,6.0,0,3,0,0,,,1.0,2.1,2.1,1.6,,208,,ThomDe05,T,0.07142857142857142,0.15
Chris Manhertz,518,CAR,TE,27,15,6,0,0,0,0,0,0,0,,0,1,1,11,11.0,0,0,0,0,,,1.0,2.1,2.1,1.6,,103,,ManhCh00,M,0.06666666666666667,0.14
Buddy Howell,513,HOU,RB,23,16,0,0,0,0,0,0,5,10,2.0,0,0,0,0,,0,0,0,0,,,1.0,1.0,1.0,1.0,,141,,HoweGr00,H,0.0625,0.0625
Dalton Schultz,525,DAL,TE,23,16,0,0,0,0,0,0,0,0,,0,2,1,6,6.0,0,0,0,0,,,1.0,1.6,1.6,1.1,,110,,SchuDa00,S,0.0625,0.1
Mike Thomas,532,LAR,WR,25,16,0,0,0,0,0,0,0,0,,0,5,2,14,7.0,0,0,0,0,,,1.0,3.4,3.4,2.4,,202,,ThomMi04,T,0.0625,0.2125
